Name,Club,Position,Pick,Points,PPM,GW,LT1,LT2,LT5,LT10,LT15,Price
Cunha,Wolves,FWD,12.9%,111,15.86,13,FALSE,FALSE,FALSE,FALSE,TRUE,Â£7.0 m
Saka,Arsenal,MID,10.9%,107,10.39,0,FALSE,FALSE,FALSE,FALSE,TRUE,Â£10.3 m
Maddison,Spurs,MID,9.2%,99,13.03,2,FALSE,FALSE,FALSE,TRUE,TRUE,Â£7.6 m
Wissa,Brentford,FWD,9.5%,91,14.68,15,FALSE,FALSE,FALSE,TRUE,TRUE,Â£6.2 m
Bowen,West Ham,MID,3.9%,90,12.16,9,FALSE,FALSE,TRUE,TRUE,TRUE,Â£7.4 m
Johnson,Spurs,MID,5.6%,88,13.54,13,FALSE,FALSE,FALSE,TRUE,TRUE,Â£6.5 m
Pickford,Everton,GK,13.5%,87,17.40,14,FALSE,FALSE,FALSE,FALSE,TRUE,Â£5.0 m
Iwobi,Fulham,MID,8.7%,85,14.41,4,FALSE,FALSE,FALSE,TRUE,TRUE,Â£5.9 m
Sels,Nott'm Forest,GK,12.8%,85,17.35,14,FALSE,FALSE,FALSE,FALSE,TRUE,Â£4.9 m
Solanke,Spurs,FWD,9.0%,83,11.07,13,FALSE,FALSE,FALSE,TRUE,TRUE,Â£7.5 m
Son,Spurs,MID,5.7%,82,8.37,3,FALSE,FALSE,FALSE,TRUE,TRUE,Â£9.8 m
B.Fernandes,Man Utd,MID,8.3%,81,9.76,-2,FALSE,FALSE,FALSE,TRUE,TRUE,Â£8.3 m
Kulusevski,Spurs,MID,7.2%,81,12.46,9,FALSE,FALSE,FALSE,TRUE,TRUE,Â£6.5 m
Madueke,Chelsea,MID,5.3%,79,12.74,3,FALSE,FALSE,FALSE,TRUE,TRUE,Â£6.2 m
Kluivert,Bournemouth,MID,3.7%,78,14.18,5,FALSE,FALSE,TRUE,TRUE,TRUE,Â£5.5 m
Evanilson,Bournemouth,FWD,3.4%,78,13.22,11,FALSE,FALSE,TRUE,TRUE,TRUE,Â£5.9 m
Milenkovic,Nott'm Forest,DEF,7.2%,77,16.04,12,FALSE,FALSE,FALSE,TRUE,TRUE,Â£4.8 m
Strand Larsen,Wolves,FWD,3.0%,77,14.00,8,FALSE,FALSE,TRUE,TRUE,TRUE,Â£5.5 m
Vardy,Leicester,FWD,6.4%,76,13.82,7,FALSE,FALSE,FALSE,TRUE,TRUE,Â£5.5 m
Kerkez,Bournemouth,DEF,6.9%,75,15.96,19,FALSE,FALSE,FALSE,TRUE,TRUE,Â£4.7 m
Damsgaard,Brentford,MID,1.2%,75,15.00,14,FALSE,TRUE,TRUE,TRUE,TRUE,Â£5.0 m
Havertz,Arsenal,FWD,9.0%,74,9.37,7,FALSE,FALSE,FALSE,TRUE,TRUE,Â£7.9 m
Semenyo,Bournemouth,MID,6.9%,74,13.21,11,FALSE,FALSE,FALSE,TRUE,TRUE,Â£5.6 m
Raul,Fulham,FWD,8.8%,74,13.21,11,FALSE,FALSE,FALSE,TRUE,TRUE,Â£5.6 m
Martinelli,Arsenal,MID,5.0%,73,10.74,13,FALSE,FALSE,TRUE,TRUE,TRUE,Â£6.8 m
Delap,Ipswich,FWD,2.9%,72,12.86,13,FALSE,FALSE,TRUE,TRUE,TRUE,Â£5.6 m
Amad,Man Utd,MID,14.4%,71,13.40,4,FALSE,FALSE,FALSE,FALSE,TRUE,Â£5.3 m
Schade,Brentford,MID,0.9%,70,13.73,12,TRUE,TRUE,TRUE,TRUE,TRUE,Â£5.1 m
Mitoma,Brighton,MID,5.5%,70,10.94,5,FALSE,FALSE,FALSE,TRUE,TRUE,Â£6.4 m
Young,Everton,DEF,3.5%,70,14.89,3,FALSE,FALSE,TRUE,TRUE,TRUE,Â£4.7 m
Onana,Man Utd,GK,7.3%,70,13.73,2,FALSE,FALSE,FALSE,TRUE,TRUE,Â£5.1 m
Welbeck,Brighton,FWD,6.2%,69,12.55,0,FALSE,FALSE,FALSE,TRUE,TRUE,Â£5.5 m
Sanchez,Chelsea,GK,13.3%,69,14.38,5,FALSE,FALSE,FALSE,FALSE,TRUE,Â£4.8 m
J.Murphy,Newcastle,MID,5.2%,69,13.53,14,FALSE,FALSE,FALSE,TRUE,TRUE,Â£5.1 m
Joelinton,Newcastle,MID,1.7%,69,11.50,24,FALSE,TRUE,TRUE,TRUE,TRUE,Â£6.0 m
Mateta,Crystal Palace,FWD,3.0%,68,9.44,13,FALSE,FALSE,TRUE,TRUE,TRUE,Â£7.2 m
I.Sarr,Crystal Palace,MID,5.2%,68,11.53,7,FALSE,FALSE,FALSE,TRUE,TRUE,Â£5.9 m
Bruno G.,Newcastle,MID,1.9%,68,11.15,12,FALSE,TRUE,TRUE,TRUE,TRUE,Â£6.1 m
Murillo,Nott'm Forest,DEF,2.9%,68,14.78,8,FALSE,FALSE,TRUE,TRUE,TRUE,Â£4.6 m
Bernardo,Man City,MID,3.7%,67,10.63,14,FALSE,FALSE,TRUE,TRUE,TRUE,Â£6.3 m
Savio,Man City,MID,2.2%,67,10.47,30,FALSE,FALSE,TRUE,TRUE,TRUE,Â£6.4 m
Enzo,Chelsea,MID,9.3%,66,12.94,4,FALSE,FALSE,FALSE,TRUE,TRUE,Â£5.1 m
Henderson,Crystal Palace,GK,11.7%,66,14.67,11,FALSE,FALSE,FALSE,FALSE,TRUE,Â£4.5 m
McNeil,Everton,MID,1.8%,65,12.50,0,FALSE,TRUE,TRUE,TRUE,TRUE,Â£5.2 m
Barnes,Newcastle,MID,1.4%,65,10.83,3,FALSE,TRUE,TRUE,TRUE,TRUE,Â£6.0 m
Soucek,West Ham,MID,1.6%,65,13.27,7,FALSE,TRUE,TRUE,TRUE,TRUE,Â£4.9 m
J.Timber,Arsenal,DEF,5.8%,64,11.23,10,FALSE,FALSE,FALSE,TRUE,TRUE,Â£5.7 m
Gibbs-White,Nott'm Forest,MID,3.9%,63,9.84,16,FALSE,FALSE,TRUE,TRUE,TRUE,Â£6.4 m
Collins,Brentford,DEF,2.3%,62,13.48,13,FALSE,FALSE,TRUE,TRUE,TRUE,Â£4.6 m
Smith Rowe,Fulham,MID,10.9%,62,11.70,1,FALSE,FALSE,FALSE,FALSE,TRUE,Â£5.3 m
Elanga,Nott'm Forest,MID,3.7%,62,11.92,17,FALSE,FALSE,TRUE,TRUE,TRUE,Â£5.2 m
Thomas,Arsenal,MID,0.8%,61,12.20,8,TRUE,TRUE,TRUE,TRUE,TRUE,Â£5.0 m
Trossard,Arsenal,MID,1.8%,61,8.97,9,FALSE,TRUE,TRUE,TRUE,TRUE,Â£6.8 m
Flekken,Brentford,GK,9.3%,61,13.86,10,FALSE,FALSE,FALSE,TRUE,TRUE,Â£4.4 m
Munoz,Crystal Palace,DEF,4.8%,61,12.98,10,FALSE,FALSE,TRUE,TRUE,TRUE,Â£4.7 m
Gakpo,Liverpool,FWD,7.4%,61,8.36,17,FALSE,FALSE,FALSE,TRUE,TRUE,Â£7.3 m
Leno,Fulham,GK,3.2%,60,12.00,7,FALSE,FALSE,TRUE,TRUE,TRUE,Â£5.0 m
Szoboszlai,Liverpool,MID,1.6%,60,9.52,0,FALSE,TRUE,TRUE,TRUE,TRUE,Â£6.3 m
Eze,Crystal Palace,MID,7.8%,59,8.94,17,FALSE,FALSE,FALSE,TRUE,TRUE,Â£6.6 m
Mitchell,Crystal Palace,DEF,1.8%,59,12.29,11,FALSE,TRUE,TRUE,TRUE,TRUE,Â£4.8 m
Tarkowski,Everton,DEF,1.6%,59,12.29,4,FALSE,TRUE,TRUE,TRUE,TRUE,Â£4.8 m
Burn,Newcastle,DEF,7.3%,58,13.18,14,FALSE,FALSE,FALSE,TRUE,TRUE,Â£4.4 m
Wan-Bissaka,West Ham,DEF,5.5%,58,12.61,9,FALSE,FALSE,FALSE,TRUE,TRUE,Â£4.6 m
O.Dango,Bournemouth,MID,0.2%,57,11.40,12,TRUE,TRUE,TRUE,TRUE,TRUE,Â£5.0 m
Huijsen,Bournemouth,DEF,3.6%,57,12.95,17,FALSE,FALSE,TRUE,TRUE,TRUE,Â£4.4 m
Georginio,Brighton,MID,0.6%,57,10.96,3,TRUE,TRUE,TRUE,TRUE,TRUE,Â£5.2 m
Caicedo,Chelsea,MID,1.3%,57,11.63,5,FALSE,TRUE,TRUE,TRUE,TRUE,Â£4.9 m
Mykolenko,Everton,DEF,5.8%,56,13.02,4,FALSE,FALSE,FALSE,TRUE,TRUE,Â£4.3 m
Hudson-Odoi,Nott'm Forest,MID,1.3%,56,10.77,3,FALSE,TRUE,TRUE,TRUE,TRUE,Â£5.2 m
Ait-Nouri,Wolves,DEF,6.6%,56,11.67,16,FALSE,FALSE,FALSE,TRUE,TRUE,Â£4.8 m
Guehi,Crystal Palace,DEF,5.6%,55,12.22,9,FALSE,FALSE,FALSE,TRUE,TRUE,Â£4.5 m
Ndiaye,Everton,FWD,0.6%,55,10.19,13,TRUE,TRUE,TRUE,TRUE,TRUE,Â£5.4 m
Buonanotte,Leicester,MID,0.7%,55,11.46,4,TRUE,TRUE,TRUE,TRUE,TRUE,Â£4.8 m
Kovacic,Man City,MID,1.2%,55,10.19,7,FALSE,TRUE,TRUE,TRUE,TRUE,Â£5.4 m
Schar,Newcastle,DEF,1.7%,55,10.19,11,FALSE,TRUE,TRUE,TRUE,TRUE,Â£5.4 m
Zabarnyi,Bournemouth,DEF,0.6%,54,12.27,13,TRUE,TRUE,TRUE,TRUE,TRUE,Â£4.4 m
Chalobah,Crystal Palace,DEF,0.8%,54,12.27,16,TRUE,TRUE,TRUE,TRUE,TRUE,Â£4.4 m
Jones,Liverpool,MID,0.6%,54,10.19,14,TRUE,TRUE,TRUE,TRUE,TRUE,Â£5.3 m
Dalot,Man Utd,DEF,7.2%,54,10.80,2,FALSE,FALSE,FALSE,TRUE,TRUE,Â£5.0 m
Rashford,Man Utd,MID,2.2%,54,8.18,0,FALSE,FALSE,TRUE,TRUE,TRUE,Â£6.6 m
L.Paqueta,West Ham,MID,1.1%,54,9.47,4,FALSE,TRUE,TRUE,TRUE,TRUE,Â£5.7 m
Martinez,Aston Villa,GK,11.8%,53,10.60,6,FALSE,FALSE,FALSE,FALSE,TRUE,Â£5.0 m
Lewis-Potter,Brentford,MID,0.1%,53,10.60,13,TRUE,TRUE,TRUE,TRUE,TRUE,Â£5.0 m
Rice,Arsenal,MID,2.7%,52,8.39,8,FALSE,FALSE,TRUE,TRUE,TRUE,Â£6.2 m
Tielemans,Aston Villa,MID,1.1%,52,9.45,5,FALSE,TRUE,TRUE,TRUE,TRUE,Â£5.5 m
Cook,Bournemouth,MID,0.2%,52,10.40,9,TRUE,TRUE,TRUE,TRUE,TRUE,Â£5.0 m
Arrizabalaga,Bournemouth,GK,2.5%,52,11.56,10,FALSE,FALSE,TRUE,TRUE,TRUE,Â£4.5 m
Janelt,Brentford,MID,0.3%,52,10.61,6,TRUE,TRUE,TRUE,TRUE,TRUE,Â£4.9 m
Verbruggen,Brighton,GK,2.8%,52,11.56,13,FALSE,FALSE,TRUE,TRUE,TRUE,Â£4.5 m
Robertson,Liverpool,DEF,4.8%,52,8.81,7,FALSE,FALSE,TRUE,TRUE,TRUE,Â£5.9 m
Anderson,Nott'm Forest,MID,0.3%,52,10.40,5,TRUE,TRUE,TRUE,TRUE,TRUE,Â£5.0 m
Duran,Aston Villa,FWD,2.8%,51,8.79,-2,FALSE,FALSE,TRUE,TRUE,TRUE,Â£5.8 m
Sancho,Chelsea,MID,1.3%,51,8.23,9,FALSE,TRUE,TRUE,TRUE,TRUE,Â£6.2 m
Calvert-Lewin,Everton,FWD,1.5%,51,9.44,4,FALSE,TRUE,TRUE,TRUE,TRUE,Â£5.4 m
Hutchinson,Ipswich,MID,0.4%,51,9.81,11,TRUE,TRUE,TRUE,TRUE,TRUE,Â£5.2 m
Diogo J.,Liverpool,MID,3.4%,51,7.08,7,FALSE,FALSE,TRUE,TRUE,TRUE,Â£7.2 m
De Bruyne,Man City,MID,4.4%,51,5.43,9,FALSE,FALSE,TRUE,TRUE,TRUE,Â£9.4 m
Garnacho,Man Utd,MID,5.2%,51,8.50,2,FALSE,FALSE,FALSE,TRUE,TRUE,Â£6.0 m
Kudus,West Ham,MID,2.6%,51,8.23,7,FALSE,FALSE,TRUE,TRUE,TRUE,Â£6.2 m
Digne,Aston Villa,DEF,7.5%,50,10.87,4,FALSE,FALSE,FALSE,TRUE,TRUE,Â£4.6 m
Lacroix,Crystal Palace,DEF,0.4%,50,11.11,10,TRUE,TRUE,TRUE,TRUE,TRUE,Â£4.5 m
Mavididi,Leicester,MID,0.3%,50,9.80,14,TRUE,TRUE,TRUE,TRUE,TRUE,Â£5.1 m
J.Gomes,Wolves,MID,0.4%,50,10.20,4,TRUE,TRUE,TRUE,TRUE,TRUE,Â£4.9 m
Mazraoui,Man Utd,DEF,11.6%,49,11.14,2,FALSE,FALSE,FALSE,FALSE,TRUE,Â£4.4 m
Tavernier,Bournemouth,MID,0.2%,48,8.89,0,TRUE,TRUE,TRUE,TRUE,TRUE,Â£5.4 m
Andreas,Fulham,MID,1.1%,48,9.60,7,FALSE,TRUE,TRUE,TRUE,TRUE,Â£5.0 m
Muric,Ipswich,GK,1.0%,48,10.91,3,TRUE,TRUE,TRUE,TRUE,TRUE,Â£4.4 m
Pope,Newcastle,GK,3.6%,48,9.80,0,FALSE,FALSE,TRUE,TRUE,TRUE,Â£4.9 m
Christie,Bournemouth,MID,0.2%,47,9.59,7,TRUE,TRUE,TRUE,TRUE,TRUE,Â£4.9 m
Wilson,Fulham,MID,0.8%,47,9.04,14,TRUE,TRUE,TRUE,TRUE,TRUE,Â£5.2 m
Davis,Ipswich,DEF,1.8%,47,10.44,6,FALSE,TRUE,TRUE,TRUE,TRUE,Â£4.5 m
J.Ayew,Leicester,MID,0.2%,47,9.04,9,TRUE,TRUE,TRUE,TRUE,TRUE,Â£5.2 m
Colwill,Chelsea,DEF,5.2%,46,10.00,5,FALSE,FALSE,FALSE,TRUE,TRUE,Â£4.6 m
Cucurella,Chelsea,DEF,7.0%,46,8.85,4,FALSE,FALSE,FALSE,TRUE,TRUE,Â£5.2 m
Adama,Fulham,MID,1.8%,46,9.79,3,FALSE,TRUE,TRUE,TRUE,TRUE,Â£4.7 m
Konate,Liverpool,DEF,3.1%,46,9.02,0,FALSE,FALSE,TRUE,TRUE,TRUE,Â£5.1 m
Doku,Man City,MID,1.6%,46,7.42,5,FALSE,TRUE,TRUE,TRUE,TRUE,Â£6.2 m
Foden,Man City,MID,5.4%,46,5.00,16,FALSE,FALSE,FALSE,TRUE,TRUE,Â£9.2 m
Lewis,Man City,DEF,7.0%,46,10.00,10,FALSE,FALSE,FALSE,TRUE,TRUE,Â£4.6 m
Livramento,Newcastle,DEF,1.8%,46,10.22,3,FALSE,TRUE,TRUE,TRUE,TRUE,Â£4.5 m
Mario Jr.,Wolves,MID,0.2%,46,9.39,0,TRUE,TRUE,TRUE,TRUE,TRUE,Â£4.9 m
Baleba,Brighton,MID,0.2%,45,9.00,6,TRUE,TRUE,TRUE,TRUE,TRUE,Â£5.0 m
Szmodics,Ipswich,MID,0.2%,45,7.76,3,TRUE,TRUE,TRUE,TRUE,TRUE,Â£5.8 m
A.Becker,Liverpool,GK,6.8%,45,8.33,8,FALSE,FALSE,FALSE,TRUE,TRUE,Â£5.4 m
Gravenberch,Liverpool,MID,0.8%,45,9.00,6,TRUE,TRUE,TRUE,TRUE,TRUE,Â£5.0 m
N.Williams,Nott'm Forest,DEF,1.1%,45,10.47,12,FALSE,TRUE,TRUE,TRUE,TRUE,Â£4.3 m
Odegaard,Arsenal,MID,6.5%,44,5.24,6,FALSE,FALSE,FALSE,TRUE,TRUE,Â£8.4 m
Veltman,Brighton,DEF,1.9%,44,10.00,9,FALSE,TRUE,TRUE,TRUE,TRUE,Â£4.4 m
Van Hecke,Brighton,DEF,0.9%,43,9.56,12,TRUE,TRUE,TRUE,TRUE,TRUE,Â£4.5 m
Morsy,Ipswich,MID,0.2%,43,8.78,2,TRUE,TRUE,TRUE,TRUE,TRUE,Â£4.9 m
Mac Allister,Liverpool,MID,1.6%,43,6.94,11,FALSE,TRUE,TRUE,TRUE,TRUE,Â£6.2 m
Martinez,Man Utd,DEF,3.3%,43,9.77,1,FALSE,FALSE,TRUE,TRUE,TRUE,Â£4.4 m
Zirkzee,Man Utd,FWD,1.5%,43,6.62,2,FALSE,TRUE,TRUE,TRUE,TRUE,Â£6.5 m
De Ligt,Man Utd,DEF,3.5%,43,8.78,1,FALSE,FALSE,TRUE,TRUE,TRUE,Â£4.9 m
Emerson,West Ham,DEF,0.8%,43,9.77,6,TRUE,TRUE,TRUE,TRUE,TRUE,Â£4.4 m
Guedes,Wolves,MID,0.2%,43,8.11,4,TRUE,TRUE,TRUE,TRUE,TRUE,Â£5.3 m
G.Jesus,Arsenal,FWD,9.5%,42,6.09,16,FALSE,FALSE,FALSE,TRUE,TRUE,Â£6.9 m
McGinn,Aston Villa,MID,0.9%,42,8.08,5,TRUE,TRUE,TRUE,TRUE,TRUE,Â£5.2 m
Muniz,Fulham,FWD,2.0%,42,7.64,8,FALSE,TRUE,TRUE,TRUE,TRUE,Â£5.5 m
Yates,Nott'm Forest,MID,0.2%,42,8.57,2,TRUE,TRUE,TRUE,TRUE,TRUE,Â£4.9 m
Ramsdale,Southampton,GK,1.4%,42,9.55,6,FALSE,TRUE,TRUE,TRUE,TRUE,Â£4.4 m
Armstrong,Southampton,FWD,1.1%,42,8.24,8,FALSE,TRUE,TRUE,TRUE,TRUE,Â£5.1 m
Antonio,West Ham,FWD,1.0%,42,7.92,0,TRUE,TRUE,TRUE,TRUE,TRUE,Â£5.3 m
Aribo,Southampton,MID,0.1%,41,8.37,4,TRUE,TRUE,TRUE,TRUE,TRUE,Â£4.9 m
Kilman,West Ham,DEF,1.3%,41,9.32,1,FALSE,TRUE,TRUE,TRUE,TRUE,Â£4.4 m
Barkley,Aston Villa,MID,0.3%,40,7.69,12,TRUE,TRUE,TRUE,TRUE,TRUE,Â£5.2 m
Norgaard,Brentford,MID,0.2%,40,8.33,7,TRUE,TRUE,TRUE,TRUE,TRUE,Â£4.8 m
Dibling,Southampton,MID,2.5%,40,8.89,11,FALSE,FALSE,TRUE,TRUE,TRUE,Â£4.5 m
M.Fernandes,Southampton,MID,0.0%,40,8.00,3,TRUE,TRUE,TRUE,TRUE,TRUE,Â£5.0 m
P.M.Sarr,Spurs,MID,0.3%,40,8.33,5,TRUE,TRUE,TRUE,TRUE,TRUE,Â£4.8 m
Bailey,Aston Villa,MID,0.8%,39,6.29,12,TRUE,TRUE,TRUE,TRUE,TRUE,Â£6.2 m
Justin,Leicester,DEF,1.8%,39,9.29,4,FALSE,TRUE,TRUE,TRUE,TRUE,Â£4.2 m
Konsa,Aston Villa,DEF,7.0%,38,8.64,4,FALSE,FALSE,FALSE,TRUE,TRUE,Â£4.4 m
A.Doucoure,Everton,MID,0.2%,38,7.45,5,TRUE,TRUE,TRUE,TRUE,TRUE,Â£5.1 m
Bassey,Fulham,DEF,0.5%,38,8.44,3,TRUE,TRUE,TRUE,TRUE,TRUE,Â£4.5 m
Hermansen,Leicester,GK,0.5%,38,8.44,0,TRUE,TRUE,TRUE,TRUE,TRUE,Â£4.5 m
Hojlund,Man Utd,FWD,1.2%,38,5.51,4,FALSE,TRUE,TRUE,TRUE,TRUE,Â£6.9 m
Archer,Southampton,FWD,1.8%,38,7.60,2,FALSE,TRUE,TRUE,TRUE,TRUE,Â£5.0 m
Onana,Aston Villa,MID,2.6%,37,7.55,3,FALSE,FALSE,TRUE,TRUE,TRUE,Â£4.9 m
Branthwaite,Everton,DEF,1.1%,37,7.71,2,FALSE,TRUE,TRUE,TRUE,TRUE,Â£4.8 m
Gana,Everton,MID,0.1%,37,7.71,5,TRUE,TRUE,TRUE,TRUE,TRUE,Â£4.8 m
Tete,Fulham,DEF,0.2%,37,8.22,0,TRUE,TRUE,TRUE,TRUE,TRUE,Â£4.5 m
Ndidi,Leicester,MID,0.2%,37,7.55,0,TRUE,TRUE,TRUE,TRUE,TRUE,Â£4.9 m
Kelleher,Liverpool,GK,1.8%,37,8.81,0,FALSE,TRUE,TRUE,TRUE,TRUE,Â£4.2 m
Bissouma,Spurs,MID,0.3%,37,7.55,4,TRUE,TRUE,TRUE,TRUE,TRUE,Â£4.9 m
Udogie,Spurs,DEF,2.0%,37,7.55,3,FALSE,TRUE,TRUE,TRUE,TRUE,Â£4.9 m
Vicario,Spurs,GK,1.8%,37,7.71,0,FALSE,TRUE,TRUE,TRUE,TRUE,Â£4.8 m
Dunk,Brighton,DEF,3.6%,36,8.37,7,FALSE,FALSE,TRUE,TRUE,TRUE,Â£4.3 m
Nkunku,Chelsea,MID,2.1%,36,6.21,3,FALSE,FALSE,TRUE,TRUE,TRUE,Â£5.8 m
Neto,Chelsea,MID,0.7%,36,5.81,4,TRUE,TRUE,TRUE,TRUE,TRUE,Â£6.2 m
Hughes,Crystal Palace,MID,0.1%,36,7.35,5,TRUE,TRUE,TRUE,TRUE,TRUE,Â£4.9 m
Walker-Peters,Southampton,DEF,0.3%,36,8.37,2,TRUE,TRUE,TRUE,TRUE,TRUE,Â£4.3 m
Jose Sa,Wolves,GK,1.8%,36,8.37,14,FALSE,TRUE,TRUE,TRUE,TRUE,Â£4.3 m
Merino,Arsenal,MID,0.1%,35,5.83,13,TRUE,TRUE,TRUE,TRUE,TRUE,Â£6.0 m
Akanji,Man City,DEF,2.8%,35,6.60,11,FALSE,FALSE,TRUE,TRUE,TRUE,Â£5.3 m
Harwood-Bellis,Southampton,DEF,8.0%,35,8.54,1,FALSE,FALSE,FALSE,TRUE,TRUE,Â£4.1 m
Romero,Spurs,DEF,3.8%,35,7.14,0,FALSE,FALSE,TRUE,TRUE,TRUE,Â£4.9 m
N.Semedo,Wolves,DEF,0.3%,35,7.78,6,TRUE,TRUE,TRUE,TRUE,TRUE,Â£4.5 m
Smith,Bournemouth,DEF,0.2%,34,7.56,0,TRUE,TRUE,TRUE,TRUE,TRUE,Â£4.5 m
Minteh,Brighton,MID,0.4%,34,6.80,2,TRUE,TRUE,TRUE,TRUE,TRUE,Â£5.0 m
El Khannouss,Leicester,MID,0.2%,34,7.08,5,TRUE,TRUE,TRUE,TRUE,TRUE,Â£4.8 m
Ederson M.,Man City,GK,4.9%,34,6.42,0,FALSE,FALSE,TRUE,TRUE,TRUE,Â£5.3 m
Gundogan,Man City,MID,0.4%,34,5.31,2,TRUE,TRUE,TRUE,TRUE,TRUE,Â£6.4 m
Sugawara,Southampton,DEF,0.2%,34,7.91,1,TRUE,TRUE,TRUE,TRUE,TRUE,Â£4.3 m
Bellegarde,Wolves,MID,0.1%,34,6.94,1,TRUE,TRUE,TRUE,TRUE,TRUE,Â£4.9 m
Toti,Wolves,DEF,0.2%,34,7.91,8,TRUE,TRUE,TRUE,TRUE,TRUE,Â£4.3 m
Pinnock,Brentford,DEF,0.4%,33,7.50,0,TRUE,TRUE,TRUE,TRUE,TRUE,Â£4.4 m
Harrison,Everton,MID,0.1%,33,6.35,3,TRUE,TRUE,TRUE,TRUE,TRUE,Â£5.2 m
Chaplin,Ipswich,MID,0.1%,33,6.47,0,TRUE,TRUE,TRUE,TRUE,TRUE,Â£5.1 m
Darwin,Liverpool,FWD,1.9%,33,4.71,2,FALSE,TRUE,TRUE,TRUE,TRUE,Â£7.0 m
Tonali,Newcastle,MID,0.4%,33,6.00,8,TRUE,TRUE,TRUE,TRUE,TRUE,Â£5.5 m
Werner,Spurs,MID,0.2%,33,5.32,4,TRUE,TRUE,TRUE,TRUE,TRUE,Â£6.2 m
Summerville,West Ham,MID,0.4%,33,5.89,4,TRUE,TRUE,TRUE,TRUE,TRUE,Â£5.6 m
Pau,Aston Villa,DEF,1.1%,32,7.44,2,FALSE,TRUE,TRUE,TRUE,TRUE,Â£4.3 m
Enes Unal,Bournemouth,FWD,0.2%,32,5.93,3,TRUE,TRUE,TRUE,TRUE,TRUE,Â£5.4 m
Keane,Everton,DEF,5.1%,32,8.00,0,FALSE,FALSE,FALSE,TRUE,TRUE,Â£4.0 m
Mangala,Everton,MID,0.0%,32,6.40,4,TRUE,TRUE,TRUE,TRUE,TRUE,Â£5.0 m
Casemiro,Man Utd,MID,0.5%,32,6.67,3,TRUE,TRUE,TRUE,TRUE,TRUE,Â£4.8 m
Downes,Southampton,MID,0.0%,32,6.67,2,TRUE,TRUE,TRUE,TRUE,TRUE,Â£4.8 m
Van den Berg,Brentford,DEF,2.4%,31,7.56,11,FALSE,FALSE,TRUE,TRUE,TRUE,Â£4.1 m
Adingra,Brighton,MID,0.3%,31,5.96,9,TRUE,TRUE,TRUE,TRUE,TRUE,Â£5.2 m
Roerslev,Brentford,DEF,0.1%,30,6.98,13,TRUE,TRUE,TRUE,TRUE,TRUE,Â£4.3 m
Winks,Leicester,MID,6.2%,30,6.67,6,FALSE,FALSE,FALSE,TRUE,TRUE,Â£4.5 m
Alex Moreno,Nott'm Forest,DEF,0.5%,30,6.98,0,TRUE,TRUE,TRUE,TRUE,TRUE,Â£4.3 m
Mavropanos,West Ham,DEF,0.1%,30,6.98,8,TRUE,TRUE,TRUE,TRUE,TRUE,Â£4.3 m
Ayari,Brighton,MID,0.0%,29,5.80,4,TRUE,TRUE,TRUE,TRUE,TRUE,Â£5.0 m
Gusto,Chelsea,DEF,2.1%,29,5.92,3,FALSE,FALSE,TRUE,TRUE,TRUE,Â£4.9 m
De Cordova-Reid,Leicester,MID,0.1%,29,5.58,2,TRUE,TRUE,TRUE,TRUE,TRUE,Â£5.2 m
Estupinan,Brighton,DEF,1.4%,28,5.60,8,FALSE,TRUE,TRUE,TRUE,TRUE,Â£5.0 m
Hinshelwood,Brighton,MID,0.1%,28,5.71,0,TRUE,TRUE,TRUE,TRUE,TRUE,Â£4.9 m
Wieffer,Brighton,MID,0.1%,28,5.96,0,TRUE,TRUE,TRUE,TRUE,TRUE,Â£4.7 m
O'Shea,Ipswich,DEF,1.7%,28,6.83,7,FALSE,TRUE,TRUE,TRUE,TRUE,Â£4.1 m
Matheus N.,Man City,MID,0.1%,28,5.71,0,TRUE,TRUE,TRUE,TRUE,TRUE,Â£4.9 m
Ruben,Man City,DEF,2.3%,28,5.19,0,FALSE,FALSE,TRUE,TRUE,TRUE,Â£5.4 m
Van de Ven,Spurs,DEF,2.8%,28,6.22,0,FALSE,FALSE,TRUE,TRUE,TRUE,Â£4.5 m
White,Arsenal,DEF,2.2%,27,4.43,0,FALSE,FALSE,TRUE,TRUE,TRUE,Â£6.1 m
Brooks,Bournemouth,MID,0.0%,27,5.51,8,TRUE,TRUE,TRUE,TRUE,TRUE,Â£4.9 m
Carvalho,Brentford,MID,0.6%,27,5.87,0,TRUE,TRUE,TRUE,TRUE,TRUE,Â£4.6 m
Nelson,Fulham,MID,0.1%,27,5.40,0,TRUE,TRUE,TRUE,TRUE,TRUE,Â£5.0 m
Faes,Leicester,DEF,7.5%,27,6.75,1,FALSE,FALSE,FALSE,TRUE,TRUE,Â£4.0 m
Dubravka,Newcastle,GK,1.6%,27,6.43,15,FALSE,TRUE,TRUE,TRUE,TRUE,Â£4.2 m
Bednarek,Southampton,DEF,2.5%,27,6.75,2,FALSE,FALSE,TRUE,TRUE,TRUE,Â£4.0 m
Bentancur,Spurs,MID,0.1%,27,5.51,8,TRUE,TRUE,TRUE,TRUE,TRUE,Â£4.9 m
Doherty,Wolves,DEF,0.2%,27,6.28,7,TRUE,TRUE,TRUE,TRUE,TRUE,Â£4.3 m
Calafiori,Arsenal,DEF,1.3%,26,4.48,2,FALSE,TRUE,TRUE,TRUE,TRUE,Â£5.8 m
Cash,Aston Villa,DEF,1.2%,26,5.91,3,FALSE,TRUE,TRUE,TRUE,TRUE,Â£4.4 m
Berge,Fulham,MID,0.0%,26,5.20,0,TRUE,TRUE,TRUE,TRUE,TRUE,Â£5.0 m
Burns,Ipswich,MID,0.0%,26,5.42,3,TRUE,TRUE,TRUE,TRUE,TRUE,Â£4.8 m
A.Fatawu,Leicester,MID,0.2%,26,5.00,0,TRUE,TRUE,TRUE,TRUE,TRUE,Â£5.2 m
Longstaff,Newcastle,MID,0.4%,26,5.65,1,TRUE,TRUE,TRUE,TRUE,TRUE,Â£4.6 m
Ramsey,Aston Villa,MID,0.2%,25,4.63,3,TRUE,TRUE,TRUE,TRUE,TRUE,Â£5.4 m
Lerma,Crystal Palace,MID,0.1%,25,5.21,7,TRUE,TRUE,TRUE,TRUE,TRUE,Â£4.8 m
Lukic,Fulham,MID,0.1%,25,5.21,7,TRUE,TRUE,TRUE,TRUE,TRUE,Â£4.8 m
Willock,Newcastle,MID,0.2%,25,5.21,3,TRUE,TRUE,TRUE,TRUE,TRUE,Â£4.8 m
Jota Silva,Nott'm Forest,MID,0.1%,25,4.24,2,TRUE,TRUE,TRUE,TRUE,TRUE,Â£5.9 m
Hee Chan,Wolves,MID,0.3%,25,4.10,13,TRUE,TRUE,TRUE,TRUE,TRUE,Â£6.1 m
S.Bueno,Wolves,DEF,0.1%,25,5.81,7,TRUE,TRUE,TRUE,TRUE,TRUE,Â£4.3 m
Andre,Wolves,MID,0.0%,25,5.00,5,TRUE,TRUE,TRUE,TRUE,TRUE,Â£5.0 m
Lamptey,Brighton,DEF,0.4%,24,5.45,7,TRUE,TRUE,TRUE,TRUE,TRUE,Â£4.4 m
J.Clarke,Ipswich,MID,0.0%,24,4.44,1,TRUE,TRUE,TRUE,TRUE,TRUE,Â£5.4 m
Grealish,Man City,MID,0.2%,24,3.75,1,TRUE,TRUE,TRUE,TRUE,TRUE,Â£6.4 m
Mainoo,Man Utd,MID,1.9%,24,4.62,3,FALSE,TRUE,TRUE,TRUE,TRUE,Â£5.2 m
Morato,Nott'm Forest,DEF,0.1%,24,5.33,9,TRUE,TRUE,TRUE,TRUE,TRUE,Â£4.5 m
Ings,West Ham,FWD,1.3%,24,4.80,1,FALSE,TRUE,TRUE,TRUE,TRUE,Â£5.0 m
G.Rodriguez,West Ham,MID,0.1%,24,5.00,2,TRUE,TRUE,TRUE,TRUE,TRUE,Â£4.8 m
Todibo,West Ham,DEF,0.3%,24,5.71,7,TRUE,TRUE,TRUE,TRUE,TRUE,Â£4.2 m
Nwaneri,Arsenal,MID,0.6%,23,5.11,8,TRUE,TRUE,TRUE,TRUE,TRUE,Â£4.5 m
Lindstrom,Everton,MID,0.1%,23,4.60,3,TRUE,TRUE,TRUE,TRUE,TRUE,Â£5.0 m
Diop,Fulham,DEF,0.3%,23,5.23,3,TRUE,TRUE,TRUE,TRUE,TRUE,Â£4.4 m
Kristiansen,Leicester,DEF,0.1%,23,5.11,2,TRUE,TRUE,TRUE,TRUE,TRUE,Â£4.5 m
Ake,Man City,DEF,0.9%,23,4.34,14,TRUE,TRUE,TRUE,TRUE,TRUE,Â£5.3 m
Ortega Moreno,Man City,GK,0.7%,23,4.42,11,TRUE,TRUE,TRUE,TRUE,TRUE,Â£5.2 m
Trippier,Newcastle,DEF,3.4%,23,4.11,6,FALSE,FALSE,TRUE,TRUE,TRUE,Â£5.6 m
Tosin,Chelsea,DEF,0.3%,22,5.24,2,TRUE,TRUE,TRUE,TRUE,TRUE,Â£4.2 m
Cajuste,Ipswich,MID,0.1%,22,4.89,5,TRUE,TRUE,TRUE,TRUE,TRUE,Â£4.5 m
Dominguez,Nott'm Forest,MID,0.0%,22,4.58,3,TRUE,TRUE,TRUE,TRUE,TRUE,Â£4.8 m
Dragusin,Spurs,DEF,0.3%,22,5.12,2,TRUE,TRUE,TRUE,TRUE,TRUE,Â£4.3 m
Fullkrug,West Ham,FWD,0.8%,22,3.28,11,TRUE,TRUE,TRUE,TRUE,TRUE,Â£6.7 m
Diego Carlos,Aston Villa,DEF,0.4%,21,4.67,1,TRUE,TRUE,TRUE,TRUE,TRUE,Â£4.5 m
Senesi,Bournemouth,DEF,0.3%,21,4.47,0,TRUE,TRUE,TRUE,TRUE,TRUE,Â£4.7 m
Jensen,Brentford,MID,0.1%,21,3.96,4,TRUE,TRUE,TRUE,TRUE,TRUE,Â£5.3 m
Disasi,Chelsea,DEF,0.4%,21,5.00,1,TRUE,TRUE,TRUE,TRUE,TRUE,Â£4.2 m
Andersen,Fulham,DEF,3.9%,21,5.00,1,FALSE,FALSE,TRUE,TRUE,TRUE,Â£4.2 m
Stones,Man City,DEF,1.1%,21,3.96,0,FALSE,TRUE,TRUE,TRUE,TRUE,Â£5.3 m
R.Gomes,Wolves,MID,0.1%,21,4.04,2,TRUE,TRUE,TRUE,TRUE,TRUE,Â£5.2 m
Nketiah,Crystal Palace,FWD,0.5%,20,3.39,1,TRUE,TRUE,TRUE,TRUE,TRUE,Â£5.9 m
Kamada,Crystal Palace,MID,0.1%,20,3.92,3,TRUE,TRUE,TRUE,TRUE,TRUE,Â£5.1 m
Greaves,Ipswich,DEF,4.0%,20,5.13,8,FALSE,FALSE,TRUE,TRUE,TRUE,Â£3.9 m
Gray,Spurs,MID,0.2%,20,4.35,6,TRUE,TRUE,TRUE,TRUE,TRUE,Â£4.6 m
C.Soler,West Ham,MID,0.0%,20,4.00,3,TRUE,TRUE,TRUE,TRUE,TRUE,Â£5.0 m
Doyle,Wolves,MID,0.0%,20,4.17,2,TRUE,TRUE,TRUE,TRUE,TRUE,Â£4.8 m
Kamara,Aston Villa,MID,0.0%,19,3.80,6,TRUE,TRUE,TRUE,TRUE,TRUE,Â£5.0 m
Sinisterra,Bournemouth,MID,0.1%,19,3.96,0,TRUE,TRUE,TRUE,TRUE,TRUE,Â£4.8 m
Ferguson,Brighton,FWD,0.3%,19,3.45,0,TRUE,TRUE,TRUE,TRUE,TRUE,Â£5.5 m
F.Kadioglu,Brighton,DEF,0.1%,19,4.22,0,TRUE,TRUE,TRUE,TRUE,TRUE,Â£4.5 m
W.Fofana,Chelsea,DEF,0.3%,19,4.32,0,TRUE,TRUE,TRUE,TRUE,TRUE,Â£4.4 m
Joao Felix,Chelsea,MID,0.5%,19,3.17,1,TRUE,TRUE,TRUE,TRUE,TRUE,Â£6.0 m
Eriksen,Man Utd,MID,0.2%,19,3.58,3,TRUE,TRUE,TRUE,TRUE,TRUE,Â£5.3 m
Sosa,Nott'm Forest,MID,0.0%,19,3.45,4,TRUE,TRUE,TRUE,TRUE,TRUE,Â£5.5 m
Forster,Spurs,GK,0.8%,19,4.42,3,TRUE,TRUE,TRUE,TRUE,TRUE,Â£4.3 m
Areola,West Ham,GK,4.1%,19,4.52,4,FALSE,FALSE,TRUE,TRUE,TRUE,Â£4.2 m
Yarmoliuk,Brentford,MID,3.2%,18,4.09,3,FALSE,FALSE,TRUE,TRUE,TRUE,Â£4.4 m
Beto,Everton,FWD,0.5%,18,3.67,2,TRUE,TRUE,TRUE,TRUE,TRUE,Â£4.9 m
Castagne,Fulham,DEF,1.8%,18,4.29,6,FALSE,TRUE,TRUE,TRUE,TRUE,Â£4.2 m
Taylor,Ipswich,MID,0.0%,18,3.75,2,TRUE,TRUE,TRUE,TRUE,TRUE,Â£4.8 m
Alvarez,West Ham,MID,0.1%,18,3.60,4,TRUE,TRUE,TRUE,TRUE,TRUE,Â£5.0 m
Maatsen,Aston Villa,DEF,1.3%,17,3.78,5,FALSE,TRUE,TRUE,TRUE,TRUE,Â£4.5 m
Igor,Brighton,DEF,0.1%,17,3.86,2,TRUE,TRUE,TRUE,TRUE,TRUE,Â£4.4 m
Hirst,Ipswich,FWD,0.0%,17,3.15,0,TRUE,TRUE,TRUE,TRUE,TRUE,Â£5.4 m
McAteer,Leicester,MID,0.1%,17,3.62,0,TRUE,TRUE,TRUE,TRUE,TRUE,Â£4.7 m
Okoli,Leicester,DEF,0.8%,17,4.25,3,TRUE,TRUE,TRUE,TRUE,TRUE,Â£4.0 m
Dawson,Wolves,DEF,0.2%,17,3.95,2,TRUE,TRUE,TRUE,TRUE,TRUE,Â£4.3 m
Zinchenko,Arsenal,DEF,0.9%,16,3.33,1,TRUE,TRUE,TRUE,TRUE,TRUE,Â£4.8 m
Travers,Bournemouth,GK,0.1%,16,3.64,6,TRUE,TRUE,TRUE,TRUE,TRUE,Â£4.4 m
O'Riley,Brighton,MID,0.1%,16,2.91,5,TRUE,TRUE,TRUE,TRUE,TRUE,Â£5.5 m
C.Doucoure,Crystal Palace,MID,0.1%,16,3.27,4,TRUE,TRUE,TRUE,TRUE,TRUE,Â£4.9 m
Devenny,Crystal Palace,MID,0.2%,16,3.56,1,TRUE,TRUE,TRUE,TRUE,TRUE,Â£4.5 m
Ugarte,Man Utd,MID,0.1%,16,3.27,1,TRUE,TRUE,TRUE,TRUE,TRUE,Â£4.9 m
Lavia,Chelsea,MID,0.6%,15,3.33,0,TRUE,TRUE,TRUE,TRUE,TRUE,Â£4.5 m
C.Richards,Crystal Palace,DEF,0.1%,15,3.41,4,TRUE,TRUE,TRUE,TRUE,TRUE,Â£4.4 m
Wharton,Crystal Palace,MID,0.1%,15,3.19,0,TRUE,TRUE,TRUE,TRUE,TRUE,Â£4.7 m
Cairney,Fulham,MID,0.0%,15,3.12,2,TRUE,TRUE,TRUE,TRUE,TRUE,Â£4.8 m
Burgess,Ipswich,DEF,2.2%,15,3.75,0,FALSE,FALSE,TRUE,TRUE,TRUE,Â£4.0 m
Tuanzebe,Ipswich,DEF,1.5%,15,3.85,0,FALSE,TRUE,TRUE,TRUE,TRUE,Â£3.9 m
Phillips,Ipswich,MID,0.1%,15,3.12,3,TRUE,TRUE,TRUE,TRUE,TRUE,Â£4.8 m
Daka,Leicester,FWD,0.9%,15,3.12,4,TRUE,TRUE,TRUE,TRUE,TRUE,Â£4.8 m
Skipp,Leicester,MID,0.0%,15,3.19,1,TRUE,TRUE,TRUE,TRUE,TRUE,Â£4.7 m
Tsimikas,Liverpool,DEF,0.2%,15,3.26,2,TRUE,TRUE,TRUE,TRUE,TRUE,Â£4.6 m
Maguire,Man Utd,DEF,0.5%,15,3.06,2,TRUE,TRUE,TRUE,TRUE,TRUE,Â£4.9 m
Awoniyi,Nott'm Forest,FWD,0.3%,15,2.73,2,TRUE,TRUE,TRUE,TRUE,TRUE,Â£5.5 m
Adams,Bournemouth,MID,0.0%,14,2.86,1,TRUE,TRUE,TRUE,TRUE,TRUE,Â£4.9 m
B.Soumare,Leicester,MID,0.4%,14,3.18,4,TRUE,TRUE,TRUE,TRUE,TRUE,Â£4.4 m
Gomez,Liverpool,DEF,1.0%,14,2.92,2,TRUE,TRUE,TRUE,TRUE,TRUE,Â£4.8 m
Evans,Man Utd,DEF,0.1%,14,3.18,0,TRUE,TRUE,TRUE,TRUE,TRUE,Â£4.4 m
Lallana,Southampton,MID,0.0%,14,2.80,3,TRUE,TRUE,TRUE,TRUE,TRUE,Â£5.0 m
Manning,Southampton,DEF,0.1%,14,3.26,2,TRUE,TRUE,TRUE,TRUE,TRUE,Â£4.3 m
Bergvall,Spurs,MID,0.8%,14,3.18,3,TRUE,TRUE,TRUE,TRUE,TRUE,Â£4.4 m
Jorginho,Arsenal,MID,0.2%,13,2.77,3,TRUE,TRUE,TRUE,TRUE,TRUE,Â£4.7 m
Kiwior,Arsenal,DEF,0.2%,13,2.71,0,TRUE,TRUE,TRUE,TRUE,TRUE,Â£4.8 m
Enciso,Brighton,MID,0.1%,13,2.41,4,TRUE,TRUE,TRUE,TRUE,TRUE,Â£5.4 m
Gruda,Brighton,MID,0.0%,13,2.41,5,TRUE,TRUE,TRUE,TRUE,TRUE,Â£5.4 m
Clyne,Crystal Palace,DEF,0.1%,13,3.02,0,TRUE,TRUE,TRUE,TRUE,TRUE,Â£4.3 m
Johnson,Ipswich,DEF,2.3%,13,3.33,3,FALSE,FALSE,TRUE,TRUE,TRUE,Â£3.9 m
Walker,Man City,DEF,3.1%,13,2.50,1,FALSE,FALSE,TRUE,TRUE,TRUE,Â£5.2 m
Wood,Southampton,DEF,1.4%,13,3.25,3,FALSE,TRUE,TRUE,TRUE,TRUE,Â£4.0 m
Brereton Diaz,Southampton,MID,0.2%,13,2.65,0,TRUE,TRUE,TRUE,TRUE,TRUE,Â£4.9 m
Coufal,West Ham,DEF,0.4%,13,3.10,-1,TRUE,TRUE,TRUE,TRUE,TRUE,Â£4.2 m
Hill,Bournemouth,DEF,0.6%,12,3.08,10,TRUE,TRUE,TRUE,TRUE,TRUE,Â£3.9 m
Woolfenden,Ipswich,DEF,1.4%,12,3.00,8,FALSE,TRUE,TRUE,TRUE,TRUE,Â£4.0 m
Johnstone,Wolves,GK,0.3%,12,2.79,0,TRUE,TRUE,TRUE,TRUE,TRUE,Â£4.3 m
Scott,Bournemouth,MID,0.0%,11,2.34,0,TRUE,TRUE,TRUE,TRUE,TRUE,Â£4.7 m
Schlupp,Crystal Palace,MID,0.1%,11,2.39,0,TRUE,TRUE,TRUE,TRUE,TRUE,Â£4.6 m
Walton,Ipswich,GK,0.2%,11,2.56,9,TRUE,TRUE,TRUE,TRUE,TRUE,Â£4.3 m
Bradley,Liverpool,DEF,0.2%,11,2.34,0,TRUE,TRUE,TRUE,TRUE,TRUE,Â£4.7 m
Kelly,Newcastle,DEF,0.1%,11,2.62,1,TRUE,TRUE,TRUE,TRUE,TRUE,Â£4.2 m
Ward-Prowse,Nott'm Forest,MID,0.5%,11,1.77,2,TRUE,TRUE,TRUE,TRUE,TRUE,Â£6.2 m
Ugochukwu,Southampton,MID,0.2%,11,2.44,5,TRUE,TRUE,TRUE,TRUE,TRUE,Â£4.5 m
Onuachu,Southampton,FWD,0.2%,11,2.24,5,TRUE,TRUE,TRUE,TRUE,TRUE,Â£4.9 m
Spence,Spurs,DEF,0.1%,11,2.50,0,TRUE,TRUE,TRUE,TRUE,TRUE,Â£4.4 m
Philip,Bournemouth,MID,0.0%,10,2.08,3,TRUE,TRUE,TRUE,TRUE,TRUE,Â£4.8 m
Krafth,Newcastle,DEF,0.1%,10,2.33,0,TRUE,TRUE,TRUE,TRUE,TRUE,Â£4.3 m
McCarthy,Southampton,GK,0.1%,10,2.33,0,TRUE,TRUE,TRUE,TRUE,TRUE,Â£4.3 m
Stephens,Southampton,DEF,0.5%,10,2.50,0,TRUE,TRUE,TRUE,TRUE,TRUE,Â£4.0 m
Davies,Spurs,DEF,0.1%,10,2.33,0,TRUE,TRUE,TRUE,TRUE,TRUE,Â£4.3 m
Sarabia,Wolves,MID,0.1%,10,2.00,0,TRUE,TRUE,TRUE,TRUE,TRUE,Â£5.0 m
Sterling,Arsenal,MID,0.8%,9,1.34,0,TRUE,TRUE,TRUE,TRUE,TRUE,Â£6.7 m
Lewis-Skelly,Arsenal,MID,0.1%,9,2.00,4,TRUE,TRUE,TRUE,TRUE,TRUE,Â£4.5 m
Buendia,Aston Villa,MID,0.1%,9,1.76,2,TRUE,TRUE,TRUE,TRUE,TRUE,Â£5.1 m
Jaden,Aston Villa,MID,0.0%,9,1.70,0,TRUE,TRUE,TRUE,TRUE,TRUE,Â£5.3 m
Ajer,Brentford,DEF,0.2%,9,2.05,0,TRUE,TRUE,TRUE,TRUE,TRUE,Â£4.4 m
Steele,Brighton,GK,1.0%,9,2.20,0,TRUE,TRUE,TRUE,TRUE,TRUE,Â£4.1 m
Kamaldeen,Southampton,MID,0.0%,9,1.80,3,TRUE,TRUE,TRUE,TRUE,TRUE,Â£5.0 m
Aarons,Bournemouth,DEF,0.2%,8,1.86,7,TRUE,TRUE,TRUE,TRUE,TRUE,Â£4.3 m
J.Araujo,Bournemouth,DEF,0.1%,8,1.86,0,TRUE,TRUE,TRUE,TRUE,TRUE,Â£4.3 m
Iroegbunam,Everton,MID,0.4%,8,1.82,0,TRUE,TRUE,TRUE,TRUE,TRUE,Â£4.4 m
Vestergaard,Leicester,DEF,1.5%,8,2.00,3,FALSE,TRUE,TRUE,TRUE,TRUE,Â£4.0 m
Endo,Liverpool,MID,0.1%,8,1.74,2,TRUE,TRUE,TRUE,TRUE,TRUE,Â£4.6 m
Mount,Man Utd,MID,0.1%,8,1.27,0,TRUE,TRUE,TRUE,TRUE,TRUE,Â£6.3 m
Almiron,Newcastle,MID,0.4%,8,1.48,0,TRUE,TRUE,TRUE,TRUE,TRUE,Â£5.4 m
Lumley,Southampton,GK,0.6%,8,2.00,0,TRUE,TRUE,TRUE,TRUE,TRUE,Â£4.0 m
Neto,Arsenal,GK,0.8%,7,1.71,0,TRUE,TRUE,TRUE,TRUE,TRUE,Â£4.1 m
Mee,Brentford,DEF,0.3%,7,1.67,5,TRUE,TRUE,TRUE,TRUE,TRUE,Â£4.2 m
Mudryk,Chelsea,MID,0.2%,7,1.13,0,TRUE,TRUE,TRUE,TRUE,TRUE,Â£6.2 m
Renato Veiga,Chelsea,MID,0.2%,7,1.56,0,TRUE,TRUE,TRUE,TRUE,TRUE,Â£4.5 m
Garner,Everton,MID,0.0%,7,1.43,0,TRUE,TRUE,TRUE,TRUE,TRUE,Â£4.9 m
Al-Hamadi,Ipswich,FWD,0.3%,7,1.46,2,TRUE,TRUE,TRUE,TRUE,TRUE,Â£4.8 m
Broadhead,Ipswich,MID,0.0%,7,1.43,4,TRUE,TRUE,TRUE,TRUE,TRUE,Â£4.9 m
Luongo,Ipswich,MID,0.2%,7,1.59,0,TRUE,TRUE,TRUE,TRUE,TRUE,Â£4.4 m
Ogbene,Ipswich,MID,0.0%,7,1.43,0,TRUE,TRUE,TRUE,TRUE,TRUE,Â£4.9 m
Edouard,Leicester,FWD,0.2%,7,1.37,0,TRUE,TRUE,TRUE,TRUE,TRUE,Â£5.1 m
Coady,Leicester,DEF,0.4%,7,1.75,3,TRUE,TRUE,TRUE,TRUE,TRUE,Â£4.0 m
Richarlison,Spurs,FWD,0.3%,7,1.03,0,TRUE,TRUE,TRUE,TRUE,TRUE,Â£6.8 m
Forbs,Wolves,MID,0.0%,7,1.27,1,TRUE,TRUE,TRUE,TRUE,TRUE,Â£5.5 m
Reed,Fulham,MID,0.0%,6,1.28,0,TRUE,TRUE,TRUE,TRUE,TRUE,Â£4.7 m
Stolarczyk,Leicester,GK,0.2%,6,1.50,6,TRUE,TRUE,TRUE,TRUE,TRUE,Â£4.0 m
Elliott,Liverpool,MID,0.2%,6,1.15,2,TRUE,TRUE,TRUE,TRUE,TRUE,Â£5.2 m
Antony,Man Utd,MID,0.2%,6,1.05,2,TRUE,TRUE,TRUE,TRUE,TRUE,Â£5.7 m
Osula,Newcastle,FWD,0.2%,6,1.22,1,TRUE,TRUE,TRUE,TRUE,TRUE,Â£4.9 m
Fraser,Southampton,MID,0.0%,6,1.25,0,TRUE,TRUE,TRUE,TRUE,TRUE,Â£4.8 m
Bree,Southampton,DEF,0.3%,6,1.54,3,TRUE,TRUE,TRUE,TRUE,TRUE,Â£3.9 m
Smallbone,Southampton,MID,0.0%,6,1.20,0,TRUE,TRUE,TRUE,TRUE,TRUE,Â£5.0 m
Odobert,Spurs,MID,0.0%,6,1.13,0,TRUE,TRUE,TRUE,TRUE,TRUE,Â£5.3 m
Mings,Aston Villa,DEF,0.1%,5,1.14,3,TRUE,TRUE,TRUE,TRUE,TRUE,Â£4.4 m
Konak,Brentford,MID,0.1%,5,1.11,0,TRUE,TRUE,TRUE,TRUE,TRUE,Â£4.5 m
Thiago,Brentford,FWD,0.0%,5,0.85,0,TRUE,TRUE,TRUE,TRUE,TRUE,Â£5.9 m
Maghoma,Brentford,MID,0.0%,5,1.11,2,TRUE,TRUE,TRUE,TRUE,TRUE,Â£4.5 m
Milner,Brighton,MID,0.0%,5,1.00,0,TRUE,TRUE,TRUE,TRUE,TRUE,Â£5.0 m
B.Badiashile,Chelsea,DEF,0.1%,5,1.16,0,TRUE,TRUE,TRUE,TRUE,TRUE,Â£4.3 m
Dewsbury-Hall,Chelsea,MID,0.1%,5,0.91,0,TRUE,TRUE,TRUE,TRUE,TRUE,Â£5.5 m
James,Chelsea,DEF,0.2%,5,1.04,0,TRUE,TRUE,TRUE,TRUE,TRUE,Â£4.8 m
Jorgensen,Chelsea,GK,0.2%,5,1.19,2,TRUE,TRUE,TRUE,TRUE,TRUE,Â£4.2 m
Broja,Everton,FWD,0.1%,5,0.93,4,TRUE,TRUE,TRUE,TRUE,TRUE,Â£5.4 m
King,Fulham,MID,0.1%,5,1.11,1,TRUE,TRUE,TRUE,TRUE,TRUE,Â£4.5 m
Yoro,Man Utd,DEF,0.2%,5,1.16,2,TRUE,TRUE,TRUE,TRUE,TRUE,Â£4.3 m
Taylor,Southampton,DEF,4.7%,5,1.28,-1,FALSE,FALSE,TRUE,TRUE,TRUE,Â£3.9 m
Moore,Spurs,MID,0.2%,5,1.11,0,TRUE,TRUE,TRUE,TRUE,TRUE,Â£4.5 m
Cresswell,West Ham,DEF,1.5%,5,1.28,1,FALSE,TRUE,TRUE,TRUE,TRUE,Â£3.9 m
Irving,West Ham,MID,0.0%,5,1.04,1,TRUE,TRUE,TRUE,TRUE,TRUE,Â£4.8 m
Nedeljkovic,Aston Villa,DEF,0.8%,4,1.03,1,TRUE,TRUE,TRUE,TRUE,TRUE,Â£3.9 m
Patterson,Everton,DEF,0.0%,4,0.91,3,TRUE,TRUE,TRUE,TRUE,TRUE,Â£4.4 m
J.Cuenca,Fulham,DEF,0.0%,4,0.91,0,TRUE,TRUE,TRUE,TRUE,TRUE,Â£4.4 m
Choudhury,Leicester,MID,2.3%,4,0.93,1,FALSE,FALSE,TRUE,TRUE,TRUE,Â£4.3 m
Quansah,Liverpool,DEF,1.9%,4,1.03,1,FALSE,TRUE,TRUE,TRUE,TRUE,Â£3.9 m
McAtee,Man City,MID,0.1%,4,0.87,2,TRUE,TRUE,TRUE,TRUE,TRUE,Â£4.6 m
Lindelof,Man Utd,DEF,0.1%,4,0.93,0,TRUE,TRUE,TRUE,TRUE,TRUE,Â£4.3 m
Boly,Nott'm Forest,DEF,0.1%,4,0.95,0,TRUE,TRUE,TRUE,TRUE,TRUE,Â£4.2 m
Sangare,Nott'm Forest,MID,0.7%,4,0.93,0,TRUE,TRUE,TRUE,TRUE,TRUE,Â£4.3 m
L.Guilherme,West Ham,MID,0.0%,4,0.85,2,TRUE,TRUE,TRUE,TRUE,TRUE,Â£4.7 m
Gilmour,Brighton,MID,0.0%,3,0.60,0,TRUE,TRUE,TRUE,TRUE,TRUE,Â£5.0 m
Moder,Brighton,MID,0.7%,3,0.68,1,TRUE,TRUE,TRUE,TRUE,TRUE,Â£4.4 m
Coleman,Everton,DEF,0.0%,3,0.70,1,TRUE,TRUE,TRUE,TRUE,TRUE,Â£4.3 m
Wilson,Newcastle,FWD,0.0%,3,0.43,0,TRUE,TRUE,TRUE,TRUE,TRUE,Â£6.9 m
Toffolo,Nott'm Forest,DEF,0.1%,3,0.71,1,TRUE,TRUE,TRUE,TRUE,TRUE,Â£4.2 m
Stewart,Southampton,FWD,2.2%,3,0.68,0,FALSE,FALSE,TRUE,TRUE,TRUE,Â£4.4 m
Mosquera,Wolves,DEF,0.4%,3,0.77,0,TRUE,TRUE,TRUE,TRUE,TRUE,Â£3.9 m
Bogarde,Aston Villa,DEF,0.3%,2,0.50,0,TRUE,TRUE,TRUE,TRUE,TRUE,Â£4.0 m
Jebbison,Bournemouth,FWD,0.8%,2,0.44,0,TRUE,TRUE,TRUE,TRUE,TRUE,Â£4.5 m
Ji-soo,Brentford,DEF,0.4%,2,0.51,2,TRUE,TRUE,TRUE,TRUE,TRUE,Â£3.9 m
Onyeka,Brentford,MID,0.0%,2,0.41,0,TRUE,TRUE,TRUE,TRUE,TRUE,Â£4.9 m
Webster,Brighton,DEF,0.1%,2,0.47,1,TRUE,TRUE,TRUE,TRUE,TRUE,Â£4.3 m
Marc Guiu,Chelsea,FWD,0.6%,2,0.43,1,TRUE,TRUE,TRUE,TRUE,TRUE,Â£4.7 m
Acheampong,Chelsea,DEF,0.0%,2,0.50,2,TRUE,TRUE,TRUE,TRUE,TRUE,Â£4.0 m
Agbinone,Crystal Palace,MID,0.0%,2,0.44,0,TRUE,TRUE,TRUE,TRUE,TRUE,Â£4.5 m
Kporha,Crystal Palace,DEF,0.0%,2,0.50,0,TRUE,TRUE,TRUE,TRUE,TRUE,Â£4.0 m
Armstrong,Everton,MID,0.2%,2,0.44,1,TRUE,TRUE,TRUE,TRUE,TRUE,Â£4.5 m
Sessegnon,Fulham,DEF,0.1%,2,0.48,1,TRUE,TRUE,TRUE,TRUE,TRUE,Â£4.2 m
Harness,Ipswich,MID,0.0%,2,0.41,0,TRUE,TRUE,TRUE,TRUE,TRUE,Â£4.9 m
Ricardo,Leicester,DEF,0.1%,2,0.49,0,TRUE,TRUE,TRUE,TRUE,TRUE,Â£4.1 m
Ward,Leicester,GK,1.9%,2,0.50,0,FALSE,TRUE,TRUE,TRUE,TRUE,Â£4.0 m
Rodrigo,Man City,MID,0.8%,2,0.32,0,TRUE,TRUE,TRUE,TRUE,TRUE,Â£6.3 m
McTominay,Man Utd,MID,0.1%,2,0.41,0,TRUE,TRUE,TRUE,TRUE,TRUE,Â£4.9 m
Shaw,Man Utd,DEF,0.2%,2,0.41,0,TRUE,TRUE,TRUE,TRUE,TRUE,Â£4.9 m
Miley,Newcastle,MID,0.0%,2,0.40,1,TRUE,TRUE,TRUE,TRUE,TRUE,Â£5.0 m
Da Silva Moreira,Nott'm Forest,MID,0.1%,2,0.45,0,TRUE,TRUE,TRUE,TRUE,TRUE,Â£4.4 m
Lankshear,Spurs,FWD,1.6%,2,0.44,0,FALSE,TRUE,TRUE,TRUE,TRUE,Â£4.5 m
Scarles,West Ham,DEF,0.0%,2,0.50,0,TRUE,TRUE,TRUE,TRUE,TRUE,Â£4.0 m
Podence,Wolves,MID,0.0%,2,0.36,0,TRUE,TRUE,TRUE,TRUE,TRUE,Â£5.5 m
Tomiyasu,Arsenal,DEF,0.0%,1,0.21,0,TRUE,TRUE,TRUE,TRUE,TRUE,Â£4.8 m
Olsen,Aston Villa,GK,0.1%,1,0.22,0,TRUE,TRUE,TRUE,TRUE,TRUE,Â£4.5 m
Winterburn,Bournemouth,MID,0.0%,1,0.22,1,TRUE,TRUE,TRUE,TRUE,TRUE,Â£4.5 m
Valdimarsson,Brentford,GK,4.1%,1,0.26,1,FALSE,FALSE,TRUE,TRUE,TRUE,Â£3.9 m
Trevitt,Brentford,MID,0.1%,1,0.23,0,TRUE,TRUE,TRUE,TRUE,TRUE,Â£4.4 m
Meghoma,Brentford,DEF,0.1%,1,0.25,0,TRUE,TRUE,TRUE,TRUE,TRUE,Â£4.0 m
March,Brighton,MID,0.0%,1,0.15,1,TRUE,TRUE,TRUE,TRUE,TRUE,Â£6.5 m
Sarmiento,Brighton,MID,0.0%,1,0.20,0,TRUE,TRUE,TRUE,TRUE,TRUE,Â£4.9 m
Chadi Riad,Crystal Palace,DEF,0.0%,1,0.23,0,TRUE,TRUE,TRUE,TRUE,TRUE,Â£4.3 m
Holgate,Everton,DEF,0.2%,1,0.25,0,TRUE,TRUE,TRUE,TRUE,TRUE,Â£4.0 m
O'Brien,Everton,DEF,0.1%,1,0.22,0,TRUE,TRUE,TRUE,TRUE,TRUE,Â£4.6 m
Stansfield,Fulham,FWD,0.0%,1,0.20,0,TRUE,TRUE,TRUE,TRUE,TRUE,Â£5.0 m
Vinicius,Fulham,FWD,0.3%,1,0.20,0,TRUE,TRUE,TRUE,TRUE,TRUE,Â£5.0 m
Godo,Fulham,MID,0.0%,1,0.22,0,TRUE,TRUE,TRUE,TRUE,TRUE,Â£4.5 m
H.Clarke,Ipswich,DEF,0.1%,1,0.25,1,TRUE,TRUE,TRUE,TRUE,TRUE,Â£4.0 m
Edmundson,Ipswich,DEF,0.1%,1,0.25,0,TRUE,TRUE,TRUE,TRUE,TRUE,Â£4.0 m
Townsend,Ipswich,DEF,0.4%,1,0.26,0,TRUE,TRUE,TRUE,TRUE,TRUE,Â£3.9 m
Thomas,Leicester,DEF,1.9%,1,0.26,1,FALSE,TRUE,TRUE,TRUE,TRUE,Â£3.9 m
Alves,Leicester,MID,0.1%,1,0.22,1,TRUE,TRUE,TRUE,TRUE,TRUE,Â£4.5 m
Chiesa,Liverpool,MID,0.1%,1,0.15,0,TRUE,TRUE,TRUE,TRUE,TRUE,Â£6.8 m
Jaros,Liverpool,GK,0.2%,1,0.25,0,TRUE,TRUE,TRUE,TRUE,TRUE,Â£4.0 m
Simpson-Pusey,Man City,DEF,0.0%,1,0.25,1,TRUE,TRUE,TRUE,TRUE,TRUE,Â£4.0 m
Malacia,Man Utd,DEF,0.0%,1,0.23,0,TRUE,TRUE,TRUE,TRUE,TRUE,Â£4.4 m
Collyer,Man Utd,MID,0.0%,1,0.22,0,TRUE,TRUE,TRUE,TRUE,TRUE,Â£4.5 m
Botman,Newcastle,DEF,0.0%,1,0.23,1,TRUE,TRUE,TRUE,TRUE,TRUE,Â£4.4 m
Targett,Newcastle,DEF,0.3%,1,0.25,1,TRUE,TRUE,TRUE,TRUE,TRUE,Â£4.0 m
Danilo,Nott'm Forest,MID,0.0%,1,0.21,0,TRUE,TRUE,TRUE,TRUE,TRUE,Â£4.7 m
Alcaraz,Southampton,MID,0.0%,1,0.20,0,TRUE,TRUE,TRUE,TRUE,TRUE,Â£4.9 m
Amo-Ameyaw,Southampton,MID,0.1%,1,0.23,0,TRUE,TRUE,TRUE,TRUE,TRUE,Â£4.4 m
Edozie,Southampton,MID,0.0%,1,0.20,0,TRUE,TRUE,TRUE,TRUE,TRUE,Â£4.9 m
Edwards,Southampton,DEF,0.3%,1,0.26,0,TRUE,TRUE,TRUE,TRUE,TRUE,Â£3.9 m
Cornet,Southampton,MID,0.0%,1,0.21,0,TRUE,TRUE,TRUE,TRUE,TRUE,Â£4.7 m
Austin,Spurs,GK,0.5%,1,0.25,1,TRUE,TRUE,TRUE,TRUE,TRUE,Â£4.0 m
Reguilon,Spurs,DEF,0.2%,1,0.24,1,TRUE,TRUE,TRUE,TRUE,TRUE,Â£4.2 m
Dorrington,Spurs,DEF,0.0%,1,0.25,0,TRUE,TRUE,TRUE,TRUE,TRUE,Â£4.0 m
Casey,West Ham,DEF,0.2%,1,0.25,0,TRUE,TRUE,TRUE,TRUE,TRUE,Â£4.0 m
Chiquinho,Wolves,MID,0.1%,1,0.22,0,TRUE,TRUE,TRUE,TRUE,TRUE,Â£4.5 m
Pond,Wolves,DEF,0.8%,1,0.26,0,TRUE,TRUE,TRUE,TRUE,TRUE,Â£3.9 m
Fabio Vieira,Arsenal,MID,0.0%,0,0.00,0,TRUE,TRUE,TRUE,TRUE,TRUE,Â£5.4 m
Hein,Arsenal,GK,0.0%,0,0.00,0,TRUE,TRUE,TRUE,TRUE,TRUE,Â£4.0 m
Tierney,Arsenal,DEF,0.0%,0,0.00,0,TRUE,TRUE,TRUE,TRUE,TRUE,Â£4.3 m
Oulad M'hand,Arsenal,MID,0.0%,0,0.00,0,TRUE,TRUE,TRUE,TRUE,TRUE,Â£4.5 m
Setford,Arsenal,GK,0.0%,0,0.00,0,TRUE,TRUE,TRUE,TRUE,TRUE,Â£4.5 m
Kacurri,Arsenal,DEF,0.1%,0,0.00,0,TRUE,TRUE,TRUE,TRUE,TRUE,Â£4.0 m
Heaven,Arsenal,DEF,0.0%,0,0.00,0,TRUE,TRUE,TRUE,TRUE,TRUE,Â£4.0 m
Kabia,Arsenal,MID,0.0%,0,0.00,0,TRUE,TRUE,TRUE,TRUE,TRUE,Â£4.5 m
Nichols,Arsenal,DEF,0.0%,0,0.00,0,TRUE,TRUE,TRUE,TRUE,TRUE,Â£4.0 m
Butler-Oyedeji,Arsenal,FWD,0.2%,0,0.00,0,TRUE,TRUE,TRUE,TRUE,TRUE,Â£4.5 m
Barrenechea,Aston Villa,MID,0.0%,0,0.00,0,TRUE,TRUE,TRUE,TRUE,TRUE,Â£4.9 m
Dendoncker,Aston Villa,MID,0.2%,0,0.00,0,TRUE,TRUE,TRUE,TRUE,TRUE,Â£4.5 m
Diaby,Aston Villa,MID,0.0%,0,0.00,0,TRUE,TRUE,TRUE,TRUE,TRUE,Â£6.5 m
Dobbin,Aston Villa,MID,0.0%,0,0.00,0,TRUE,TRUE,TRUE,TRUE,TRUE,Â£5.0 m
Gauci,Aston Villa,GK,0.7%,0,0.00,0,TRUE,TRUE,TRUE,TRUE,TRUE,Â£4.0 m
Hause,Aston Villa,DEF,0.6%,0,0.00,0,TRUE,TRUE,TRUE,TRUE,TRUE,Â£3.9 m
Iling Jr,Aston Villa,MID,0.0%,0,0.00,0,TRUE,TRUE,TRUE,TRUE,TRUE,Â£5.4 m
Kesler-Hayden,Aston Villa,DEF,0.0%,0,0.00,0,TRUE,TRUE,TRUE,TRUE,TRUE,Â£4.0 m
Marschall,Aston Villa,GK,0.0%,0,0.00,0,TRUE,TRUE,TRUE,TRUE,TRUE,Â£4.0 m
Sinisalo,Aston Villa,GK,0.0%,0,0.00,0,TRUE,TRUE,TRUE,TRUE,TRUE,Â£4.0 m
Sousa,Aston Villa,DEF,0.1%,0,0.00,0,TRUE,TRUE,TRUE,TRUE,TRUE,Â£4.0 m
Swinkels,Aston Villa,DEF,0.1%,0,0.00,0,TRUE,TRUE,TRUE,TRUE,TRUE,Â£4.0 m
Zych,Aston Villa,GK,0.6%,0,0.00,0,TRUE,TRUE,TRUE,TRUE,TRUE,Â£4.0 m
Young,Aston Villa,MID,0.2%,0,0.00,0,TRUE,TRUE,TRUE,TRUE,TRUE,Â£4.5 m
Broggio,Aston Villa,MID,0.0%,0,0.00,0,TRUE,TRUE,TRUE,TRUE,TRUE,Â£4.5 m
Jimoh,Aston Villa,MID,0.0%,0,0.00,0,TRUE,TRUE,TRUE,TRUE,TRUE,Â£4.5 m
Anthony,Bournemouth,MID,0.1%,0,0.00,0,TRUE,TRUE,TRUE,TRUE,TRUE,Â£4.5 m
Faivre,Bournemouth,MID,0.0%,0,0.00,0,TRUE,TRUE,TRUE,TRUE,TRUE,Â£5.0 m
H.Traore,Bournemouth,MID,0.0%,0,0.00,0,TRUE,TRUE,TRUE,TRUE,TRUE,Â£4.5 m
Mepham,Bournemouth,DEF,0.0%,0,0.00,0,TRUE,TRUE,TRUE,TRUE,TRUE,Â£4.4 m
Paulsen,Bournemouth,GK,0.0%,0,0.00,0,TRUE,TRUE,TRUE,TRUE,TRUE,Â£4.0 m
Dennis,Bournemouth,GK,0.3%,0,0.00,0,TRUE,TRUE,TRUE,TRUE,TRUE,Â£4.0 m
Kinsey,Bournemouth,DEF,0.0%,0,0.00,0,TRUE,TRUE,TRUE,TRUE,TRUE,Â£4.0 m
Harris,Bournemouth,DEF,0.0%,0,0.00,0,TRUE,TRUE,TRUE,TRUE,TRUE,Â£4.0 m
Rees-Dottin,Bournemouth,FWD,0.0%,0,0.00,0,TRUE,TRUE,TRUE,TRUE,TRUE,Â£4.5 m
Brierley,Brentford,MID,0.1%,0,0.00,0,TRUE,TRUE,TRUE,TRUE,TRUE,Â£4.4 m
Dasilva,Brentford,MID,0.0%,0,0.00,0,TRUE,TRUE,TRUE,TRUE,TRUE,Â£4.8 m
Henry,Brentford,DEF,0.0%,0,0.00,0,TRUE,TRUE,TRUE,TRUE,TRUE,Â£4.3 m
Hickey,Brentford,DEF,0.0%,0,0.00,0,TRUE,TRUE,TRUE,TRUE,TRUE,Â£4.3 m
Peart-Harris,Brentford,MID,0.0%,0,0.00,0,TRUE,TRUE,TRUE,TRUE,TRUE,Â£4.5 m
Toney,Brentford,FWD,1.2%,0,0.00,0,FALSE,TRUE,TRUE,TRUE,TRUE,Â£7.3 m
Zanka,Brentford,DEF,0.0%,0,0.00,0,TRUE,TRUE,TRUE,TRUE,TRUE,Â£4.5 m
G.Nunes,Brentford,MID,0.0%,0,0.00,0,TRUE,TRUE,TRUE,TRUE,TRUE,Â£4.9 m
Yogane,Brentford,MID,0.0%,0,0.00,0,TRUE,TRUE,TRUE,TRUE,TRUE,Â£4.5 m
Arthur,Brentford,DEF,0.0%,0,0.00,0,TRUE,TRUE,TRUE,TRUE,TRUE,Â£4.0 m
Baker-Boaitey,Brighton,MID,0.0%,0,0.00,0,TRUE,TRUE,TRUE,TRUE,TRUE,Â£4.5 m
Barco,Brighton,DEF,2.4%,0,0.00,0,FALSE,FALSE,TRUE,TRUE,TRUE,Â£4.0 m
Cozier-Duberry,Brighton,MID,0.0%,0,0.00,0,TRUE,TRUE,TRUE,TRUE,TRUE,Â£4.5 m
Dahoud,Brighton,MID,0.0%,0,0.00,0,TRUE,TRUE,TRUE,TRUE,TRUE,Â£4.9 m
Gross,Brighton,MID,0.0%,0,0.00,0,TRUE,TRUE,TRUE,TRUE,TRUE,Â£6.5 m
I.Osman,Brighton,MID,0.0%,0,0.00,0,TRUE,TRUE,TRUE,TRUE,TRUE,Â£5.0 m
Kozlowski,Brighton,MID,0.0%,0,0.00,0,TRUE,TRUE,TRUE,TRUE,TRUE,Â£4.5 m
Mazilu,Brighton,MID,0.0%,0,0.00,0,TRUE,TRUE,TRUE,TRUE,TRUE,Â£4.5 m
O'Mahony,Brighton,FWD,0.2%,0,0.00,0,TRUE,TRUE,TRUE,TRUE,TRUE,Â£4.5 m
Offiah,Brighton,DEF,0.1%,0,0.00,0,TRUE,TRUE,TRUE,TRUE,TRUE,Â£4.0 m
Peupion,Brighton,MID,0.1%,0,0.00,0,TRUE,TRUE,TRUE,TRUE,TRUE,Â£4.4 m
Undav,Brighton,FWD,0.0%,0,0.00,0,TRUE,TRUE,TRUE,TRUE,TRUE,Â£5.5 m
Moran,Brighton,MID,0.0%,0,0.00,0,TRUE,TRUE,TRUE,TRUE,TRUE,Â£5.0 m
Rushworth,Brighton,GK,0.0%,0,0.00,0,TRUE,TRUE,TRUE,TRUE,TRUE,Â£4.0 m
Samuels,Brighton,DEF,0.0%,0,0.00,0,TRUE,TRUE,TRUE,TRUE,TRUE,Â£4.0 m
Cahill,Brighton,GK,1.3%,0,0.00,0,FALSE,TRUE,TRUE,TRUE,TRUE,Â£3.9 m
McConville,Brighton,DEF,0.0%,0,0.00,0,TRUE,TRUE,TRUE,TRUE,TRUE,Â£4.0 m
Slater,Brighton,DEF,0.0%,0,0.00,0,TRUE,TRUE,TRUE,TRUE,TRUE,Â£4.0 m
Andrey Santos,Chelsea,MID,0.0%,0,0.00,0,TRUE,TRUE,TRUE,TRUE,TRUE,Â£4.5 m
Angelo,Chelsea,MID,0.1%,0,0.00,0,TRUE,TRUE,TRUE,TRUE,TRUE,Â£4.5 m
Bergstrom,Chelsea,GK,0.3%,0,0.00,0,TRUE,TRUE,TRUE,TRUE,TRUE,Â£3.9 m
Bettinelli,Chelsea,GK,0.4%,0,0.00,0,TRUE,TRUE,TRUE,TRUE,TRUE,Â£3.9 m
Casadei,Chelsea,MID,0.1%,0,0.00,0,TRUE,TRUE,TRUE,TRUE,TRUE,Â£4.4 m
Chilwell,Chelsea,DEF,0.5%,0,0.00,0,TRUE,TRUE,TRUE,TRUE,TRUE,Â£4.7 m
Chukwuemeka,Chelsea,MID,0.0%,0,0.00,0,TRUE,TRUE,TRUE,TRUE,TRUE,Â£4.8 m
D.D.Fofana,Chelsea,FWD,0.1%,0,0.00,0,TRUE,TRUE,TRUE,TRUE,TRUE,Â£5.4 m
Deivid,Chelsea,FWD,0.1%,0,0.00,0,TRUE,TRUE,TRUE,TRUE,TRUE,Â£4.9 m
Gallagher,Chelsea,MID,0.1%,0,0.00,0,TRUE,TRUE,TRUE,TRUE,TRUE,Â£5.9 m
Gilchrist,Chelsea,DEF,0.0%,0,0.00,0,TRUE,TRUE,TRUE,TRUE,TRUE,Â£4.0 m
Kellyman,Chelsea,MID,0.0%,0,0.00,0,TRUE,TRUE,TRUE,TRUE,TRUE,Â£4.4 m
Lukaku,Chelsea,FWD,0.2%,0,0.00,0,TRUE,TRUE,TRUE,TRUE,TRUE,Â£6.3 m
M.Sarr,Chelsea,DEF,0.0%,0,0.00,0,TRUE,TRUE,TRUE,TRUE,TRUE,Â£4.5 m
Petrovic,Chelsea,GK,0.2%,0,0.00,0,TRUE,TRUE,TRUE,TRUE,TRUE,Â£4.4 m
Wiley,Chelsea,DEF,0.0%,0,0.00,0,TRUE,TRUE,TRUE,TRUE,TRUE,Â£4.0 m
Rak-Sakyi,Chelsea,MID,0.0%,0,0.00,0,TRUE,TRUE,TRUE,TRUE,TRUE,Â£4.5 m
George,Chelsea,MID,0.0%,0,0.00,0,TRUE,TRUE,TRUE,TRUE,TRUE,Â£4.5 m
Ahamada,Crystal Palace,MID,0.1%,0,0.00,0,TRUE,TRUE,TRUE,TRUE,TRUE,Â£4.5 m
Ebiowei,Crystal Palace,MID,0.0%,0,0.00,0,TRUE,TRUE,TRUE,TRUE,TRUE,Â£4.5 m
Holding,Crystal Palace,DEF,0.1%,0,0.00,0,TRUE,TRUE,TRUE,TRUE,TRUE,Â£4.3 m
M.Franca,Crystal Palace,MID,0.3%,0,0.00,0,TRUE,TRUE,TRUE,TRUE,TRUE,Â£4.4 m
Matthews,Crystal Palace,GK,0.6%,0,0.00,0,TRUE,TRUE,TRUE,TRUE,TRUE,Â£3.9 m
Ozoh,Crystal Palace,MID,0.0%,0,0.00,0,TRUE,TRUE,TRUE,TRUE,TRUE,Â£4.5 m
Rak-Sakyi,Crystal Palace,MID,0.0%,0,0.00,0,TRUE,TRUE,TRUE,TRUE,TRUE,Â£4.5 m
Ward,Crystal Palace,DEF,0.1%,0,0.00,0,TRUE,TRUE,TRUE,TRUE,TRUE,Â£4.3 m
Turner,Crystal Palace,GK,9.8%,0,0.00,0,FALSE,FALSE,FALSE,TRUE,TRUE,Â£3.9 m
Umeh-Chibueze,Crystal Palace,MID,0.0%,0,0.00,0,TRUE,TRUE,TRUE,TRUE,TRUE,Â£4.4 m
Rodney,Crystal Palace,MID,0.0%,0,0.00,0,TRUE,TRUE,TRUE,TRUE,TRUE,Â£4.5 m
Marsh,Crystal Palace,FWD,0.4%,0,0.00,0,TRUE,TRUE,TRUE,TRUE,TRUE,Â£4.5 m
J.Virginia,Everton,GK,0.7%,0,0.00,0,TRUE,TRUE,TRUE,TRUE,TRUE,Â£3.9 m
Maupay,Everton,FWD,0.3%,0,0.00,0,TRUE,TRUE,TRUE,TRUE,TRUE,Â£4.9 m
Y. Chermiti,Everton,FWD,0.0%,0,0.00,0,TRUE,TRUE,TRUE,TRUE,TRUE,Â£4.9 m
Metcalfe,Everton,MID,0.0%,0,0.00,0,TRUE,TRUE,TRUE,TRUE,TRUE,Â£4.5 m
Begovic,Everton,GK,0.2%,0,0.00,0,TRUE,TRUE,TRUE,TRUE,TRUE,Â£4.0 m
Dixon,Everton,DEF,0.1%,0,0.00,0,TRUE,TRUE,TRUE,TRUE,TRUE,Â£4.0 m
Bates,Everton,MID,0.0%,0,0.00,0,TRUE,TRUE,TRUE,TRUE,TRUE,Â£4.5 m
Benda,Fulham,GK,0.4%,0,0.00,0,TRUE,TRUE,TRUE,TRUE,TRUE,Â£4.0 m
Harris,Fulham,MID,0.0%,0,0.00,0,TRUE,TRUE,TRUE,TRUE,TRUE,Â£4.5 m
Mbabu,Fulham,DEF,0.2%,0,0.00,0,TRUE,TRUE,TRUE,TRUE,TRUE,Â£4.0 m
Ream,Fulham,DEF,0.0%,0,0.00,0,TRUE,TRUE,TRUE,TRUE,TRUE,Â£4.5 m
Amissah,Fulham,DEF,0.0%,0,0.00,0,TRUE,TRUE,TRUE,TRUE,TRUE,Â£4.0 m
Baggott,Ipswich,DEF,0.0%,0,0.00,0,TRUE,TRUE,TRUE,TRUE,TRUE,Â£4.0 m
Humphreys,Ipswich,MID,0.0%,0,0.00,0,TRUE,TRUE,TRUE,TRUE,TRUE,Â£4.5 m
Ladapo,Ipswich,FWD,0.5%,0,0.00,0,TRUE,TRUE,TRUE,TRUE,TRUE,Â£4.5 m
Ndaba,Ipswich,DEF,0.0%,0,0.00,0,TRUE,TRUE,TRUE,TRUE,TRUE,Â£4.0 m
Slicker,Ipswich,GK,0.7%,0,0.00,0,TRUE,TRUE,TRUE,TRUE,TRUE,Â£3.9 m
Cannon,Leicester,FWD,0.3%,0,0.00,0,TRUE,TRUE,TRUE,TRUE,TRUE,Â£4.5 m
Golding,Leicester,MID,0.2%,0,0.00,0,TRUE,TRUE,TRUE,TRUE,TRUE,Â£4.4 m
Iversen,Leicester,GK,0.9%,0,0.00,0,TRUE,TRUE,TRUE,TRUE,TRUE,Â£3.9 m
Marcal,Leicester,MID,0.0%,0,0.00,0,TRUE,TRUE,TRUE,TRUE,TRUE,Â£4.5 m
Souttar,Leicester,DEF,0.0%,0,0.00,0,TRUE,TRUE,TRUE,TRUE,TRUE,Â£4.0 m
Nelson,Leicester,DEF,0.0%,0,0.00,0,TRUE,TRUE,TRUE,TRUE,TRUE,Â£4.0 m
Cartwright,Leicester,MID,0.0%,0,0.00,0,TRUE,TRUE,TRUE,TRUE,TRUE,Â£4.5 m
Wilson-Brown,Leicester,DEF,0.0%,0,0.00,0,TRUE,TRUE,TRUE,TRUE,TRUE,Â£4.0 m
Bajcetic,Liverpool,MID,0.0%,0,0.00,0,TRUE,TRUE,TRUE,TRUE,TRUE,Â£4.5 m
Clark,Liverpool,MID,0.0%,0,0.00,0,TRUE,TRUE,TRUE,TRUE,TRUE,Â£4.5 m
Doak,Liverpool,MID,0.0%,0,0.00,0,TRUE,TRUE,TRUE,TRUE,TRUE,Â£4.5 m
McConnell,Liverpool,MID,0.1%,0,0.00,0,TRUE,TRUE,TRUE,TRUE,TRUE,Â£4.4 m
Morton,Liverpool,MID,0.1%,0,0.00,0,TRUE,TRUE,TRUE,TRUE,TRUE,Â£4.4 m
N.Phillips,Liverpool,DEF,0.1%,0,0.00,0,TRUE,TRUE,TRUE,TRUE,TRUE,Â£4.0 m
R.Williams,Liverpool,DEF,0.1%,0,0.00,0,TRUE,TRUE,TRUE,TRUE,TRUE,Â£4.0 m
Davies,Liverpool,GK,0.0%,0,0.00,0,TRUE,TRUE,TRUE,TRUE,TRUE,Â£4.0 m
Nyoni,Liverpool,MID,0.0%,0,0.00,0,TRUE,TRUE,TRUE,TRUE,TRUE,Â£4.5 m
Nallo,Liverpool,DEF,0.0%,0,0.00,0,TRUE,TRUE,TRUE,TRUE,TRUE,Â£4.0 m
Danns,Liverpool,FWD,0.0%,0,0.00,0,TRUE,TRUE,TRUE,TRUE,TRUE,Â£4.5 m
Bobb,Man City,MID,0.1%,0,0.00,0,TRUE,TRUE,TRUE,TRUE,TRUE,Â£4.7 m
Carson,Man City,GK,0.2%,0,0.00,0,TRUE,TRUE,TRUE,TRUE,TRUE,Â£4.0 m
J.Alvarez,Man City,FWD,0.1%,0,0.00,0,TRUE,TRUE,TRUE,TRUE,TRUE,Â£7.0 m
Joao Cancelo,Man City,DEF,0.2%,0,0.00,0,TRUE,TRUE,TRUE,TRUE,TRUE,Â£5.3 m
O'Reilly,Man City,MID,0.0%,0,0.00,0,TRUE,TRUE,TRUE,TRUE,TRUE,Â£4.9 m
Kabore,Man City,DEF,0.0%,0,0.00,0,TRUE,TRUE,TRUE,TRUE,TRUE,Â£4.5 m
Wright,Man City,MID,0.0%,0,0.00,0,TRUE,TRUE,TRUE,TRUE,TRUE,Â£4.5 m
Wilson-Esbrand,Man City,DEF,0.0%,0,0.00,0,TRUE,TRUE,TRUE,TRUE,TRUE,Â£4.0 m
Mubama,Man City,FWD,0.1%,0,0.00,0,TRUE,TRUE,TRUE,TRUE,TRUE,Â£4.5 m
Alleyne,Man City,DEF,0.0%,0,0.00,0,TRUE,TRUE,TRUE,TRUE,TRUE,Â£4.0 m
Brits,Man City,GK,0.0%,0,0.00,0,TRUE,TRUE,TRUE,TRUE,TRUE,Â£4.0 m
Bayindir,Man Utd,GK,0.1%,0,0.00,0,TRUE,TRUE,TRUE,TRUE,TRUE,Â£4.3 m
Hannibal,Man Utd,MID,0.0%,0,0.00,0,TRUE,TRUE,TRUE,TRUE,TRUE,Â£4.5 m
Heaton,Man Utd,GK,0.2%,0,0.00,0,TRUE,TRUE,TRUE,TRUE,TRUE,Â£4.0 m
Pellistri,Man Utd,MID,0.0%,0,0.00,0,TRUE,TRUE,TRUE,TRUE,TRUE,Â£5.0 m
Wheatley,Man Utd,FWD,1.6%,0,0.00,0,FALSE,TRUE,TRUE,TRUE,TRUE,Â£4.5 m
Fletcher,Man Utd,MID,0.0%,0,0.00,0,TRUE,TRUE,TRUE,TRUE,TRUE,Â£4.5 m
Amass,Man Utd,DEF,0.0%,0,0.00,0,TRUE,TRUE,TRUE,TRUE,TRUE,Â£4.0 m
Fitzgerald,Man Utd,MID,0.0%,0,0.00,0,TRUE,TRUE,TRUE,TRUE,TRUE,Â£4.5 m
Kukonki,Man Utd,DEF,0.0%,0,0.00,0,TRUE,TRUE,TRUE,TRUE,TRUE,Â£4.0 m
A.Murphy,Newcastle,DEF,0.8%,0,0.00,0,TRUE,TRUE,TRUE,TRUE,TRUE,Â£4.0 m
Hayden,Newcastle,MID,0.1%,0,0.00,0,TRUE,TRUE,TRUE,TRUE,TRUE,Â£4.4 m
Kuol,Newcastle,MID,0.1%,0,0.00,0,TRUE,TRUE,TRUE,TRUE,TRUE,Â£4.4 m
Lascelles,Newcastle,DEF,0.0%,0,0.00,0,TRUE,TRUE,TRUE,TRUE,TRUE,Â£4.5 m
Lewis,Newcastle,DEF,0.2%,0,0.00,0,TRUE,TRUE,TRUE,TRUE,TRUE,Â£4.0 m
Odysseas,Newcastle,GK,0.1%,0,0.00,0,TRUE,TRUE,TRUE,TRUE,TRUE,Â£4.3 m
Ruddy,Newcastle,GK,0.3%,0,0.00,0,TRUE,TRUE,TRUE,TRUE,TRUE,Â£4.0 m
White,Newcastle,MID,0.1%,0,0.00,0,TRUE,TRUE,TRUE,TRUE,TRUE,Â£4.5 m
Pivas,Newcastle,DEF,0.1%,0,0.00,0,TRUE,TRUE,TRUE,TRUE,TRUE,Â£4.0 m
Bowler,Nott'm Forest,MID,0.0%,0,0.00,0,TRUE,TRUE,TRUE,TRUE,TRUE,Â£4.5 m
C.Miguel,Nott'm Forest,GK,0.2%,0,0.00,0,TRUE,TRUE,TRUE,TRUE,TRUE,Â£4.2 m
Dennis,Nott'm Forest,FWD,0.3%,0,0.00,0,TRUE,TRUE,TRUE,TRUE,TRUE,Â£4.9 m
Mighten,Nott'm Forest,MID,0.0%,0,0.00,0,TRUE,TRUE,TRUE,TRUE,TRUE,Â£4.5 m
O.Richards,Nott'm Forest,DEF,0.0%,0,0.00,0,TRUE,TRUE,TRUE,TRUE,TRUE,Â£4.5 m
O'Brien,Nott'm Forest,MID,0.0%,0,0.00,0,TRUE,TRUE,TRUE,TRUE,TRUE,Â£5.0 m
Omobamidele,Nott'm Forest,DEF,0.0%,0,0.00,0,TRUE,TRUE,TRUE,TRUE,TRUE,Â£4.2 m
Panzo,Nott'm Forest,DEF,0.0%,0,0.00,0,TRUE,TRUE,TRUE,TRUE,TRUE,Â£4.0 m
Ui-jo,Nott'm Forest,FWD,1.0%,0,0.00,0,TRUE,TRUE,TRUE,TRUE,TRUE,Â£4.5 m
Worrall,Nott'm Forest,DEF,0.0%,0,0.00,0,TRUE,TRUE,TRUE,TRUE,TRUE,Â£4.5 m
Abbott,Nott'm Forest,DEF,0.0%,0,0.00,0,TRUE,TRUE,TRUE,TRUE,TRUE,Â£4.0 m
Bazunu,Southampton,GK,0.1%,0,0.00,0,TRUE,TRUE,TRUE,TRUE,TRUE,Â£4.3 m
Bella-Kotchap,Southampton,DEF,0.5%,0,0.00,0,TRUE,TRUE,TRUE,TRUE,TRUE,Â£3.9 m
Charles,Southampton,MID,0.0%,0,0.00,0,TRUE,TRUE,TRUE,TRUE,TRUE,Â£4.5 m
Larios,Southampton,DEF,0.1%,0,0.00,0,TRUE,TRUE,TRUE,TRUE,TRUE,Â£4.0 m
Lis,Southampton,GK,0.1%,0,0.00,0,TRUE,TRUE,TRUE,TRUE,TRUE,Â£4.0 m
Mara,Southampton,FWD,0.0%,0,0.00,0,TRUE,TRUE,TRUE,TRUE,TRUE,Â£5.0 m
O'Brien-Whitmarsh,Southampton,MID,0.0%,0,0.00,0,TRUE,TRUE,TRUE,TRUE,TRUE,Â£4.5 m
A.Phillips,Spurs,DEF,0.2%,0,0.00,0,TRUE,TRUE,TRUE,TRUE,TRUE,Â£4.0 m
Bryan,Spurs,MID,0.0%,0,0.00,0,TRUE,TRUE,TRUE,TRUE,TRUE,Â£5.0 m
Devine,Spurs,MID,0.0%,0,0.00,0,TRUE,TRUE,TRUE,TRUE,TRUE,Â£4.5 m
E.Royal,Spurs,DEF,0.0%,0,0.00,0,TRUE,TRUE,TRUE,TRUE,TRUE,Â£4.5 m
Hojbjerg,Spurs,MID,0.0%,0,0.00,0,TRUE,TRUE,TRUE,TRUE,TRUE,Â£5.0 m
Lo Celso,Spurs,MID,0.0%,0,0.00,0,TRUE,TRUE,TRUE,TRUE,TRUE,Â£4.9 m
Scarlett,Spurs,FWD,0.1%,0,0.00,0,TRUE,TRUE,TRUE,TRUE,TRUE,Â£4.5 m
Solomon,Spurs,MID,0.0%,0,0.00,0,TRUE,TRUE,TRUE,TRUE,TRUE,Â£5.4 m
Veliz,Spurs,FWD,0.0%,0,0.00,0,TRUE,TRUE,TRUE,TRUE,TRUE,Â£5.0 m
Whiteman,Spurs,GK,1.2%,0,0.00,0,FALSE,TRUE,TRUE,TRUE,TRUE,Â£4.0 m
Olusesi,Spurs,MID,0.0%,0,0.00,0,TRUE,TRUE,TRUE,TRUE,TRUE,Â£4.5 m
Hardy,Spurs,DEF,0.0%,0,0.00,0,TRUE,TRUE,TRUE,TRUE,TRUE,Â£4.0 m
Williams-Barnett,Spurs,MID,0.0%,0,0.00,0,TRUE,TRUE,TRUE,TRUE,TRUE,Â£4.5 m
King,Spurs,DEF,0.0%,0,0.00,0,TRUE,TRUE,TRUE,TRUE,TRUE,Â£4.0 m
Earthy,West Ham,MID,0.0%,0,0.00,0,TRUE,TRUE,TRUE,TRUE,TRUE,Â£4.5 m
Foderingham,West Ham,GK,0.1%,0,0.00,0,TRUE,TRUE,TRUE,TRUE,TRUE,Â£4.3 m
N.Aguerd,West Ham,DEF,0.0%,0,0.00,0,TRUE,TRUE,TRUE,TRUE,TRUE,Â£4.4 m
Zouma,West Ham,DEF,0.1%,0,0.00,0,TRUE,TRUE,TRUE,TRUE,TRUE,Â£4.4 m
Mayers,West Ham,DEF,0.0%,0,0.00,0,TRUE,TRUE,TRUE,TRUE,TRUE,Â£4.0 m
Orford,West Ham,MID,0.0%,0,0.00,0,TRUE,TRUE,TRUE,TRUE,TRUE,Â£4.5 m
B.Traore,Wolves,MID,0.0%,0,0.00,0,TRUE,TRUE,TRUE,TRUE,TRUE,Â£4.8 m
Bentley,Wolves,GK,1.3%,0,0.00,0,FALSE,TRUE,TRUE,TRUE,TRUE,Â£3.9 m
Chirewa,Wolves,MID,0.0%,0,0.00,0,TRUE,TRUE,TRUE,TRUE,TRUE,Â£4.5 m
Chiwome,Wolves,FWD,2.0%,0,0.00,0,FALSE,TRUE,TRUE,TRUE,TRUE,Â£4.5 m
Cundle,Wolves,MID,0.2%,0,0.00,0,TRUE,TRUE,TRUE,TRUE,TRUE,Â£4.5 m
Fabio Silva,Wolves,FWD,0.1%,0,0.00,0,TRUE,TRUE,TRUE,TRUE,TRUE,Â£5.0 m
Fraser,Wolves,FWD,1.2%,0,0.00,0,FALSE,TRUE,TRUE,TRUE,TRUE,Â£4.5 m
Gonzalez,Wolves,MID,0.0%,0,0.00,0,TRUE,TRUE,TRUE,TRUE,TRUE,Â£4.4 m
H.Bueno,Wolves,DEF,0.0%,0,0.00,0,TRUE,TRUE,TRUE,TRUE,TRUE,Â£4.5 m
Hodge,Wolves,MID,0.2%,0,0.00,0,TRUE,TRUE,TRUE,TRUE,TRUE,Â£4.5 m
Hoever,Wolves,DEF,0.1%,0,0.00,0,TRUE,TRUE,TRUE,TRUE,TRUE,Â£4.0 m
Kalajdzic,Wolves,FWD,0.0%,0,0.00,0,TRUE,TRUE,TRUE,TRUE,TRUE,Â£4.8 m
King,Wolves,GK,1.4%,0,0.00,0,FALSE,TRUE,TRUE,TRUE,TRUE,Â£4.0 m
Pedro Lima,Wolves,DEF,1.4%,0,0.00,0,FALSE,TRUE,TRUE,TRUE,TRUE,Â£3.9 m
Meupiyou,Wolves,DEF,0.1%,0,0.00,0,TRUE,TRUE,TRUE,TRUE,TRUE,Â£4.0 m
Edozie,Wolves,MID,0.0%,0,0.00,0,TRUE,TRUE,TRUE,TRUE,TRUE,Â£4.5 m
King,Fulham,MID,0.0%,0,0.00,0,TRUE,TRUE,TRUE,TRUE,TRUE,Â£4.5 m
Adrian,Liverpool,GK,0.2%,0,0.00,0,TRUE,TRUE,TRUE,TRUE,TRUE,Â£3.8 m
Fabinho,Liverpool,MID,0.0%,0,0.00,0,TRUE,TRUE,TRUE,TRUE,TRUE,Â£5.0 m
Henderson,Liverpool,MID,0.0%,0,0.00,0,TRUE,TRUE,TRUE,TRUE,TRUE,Â£5.0 m
Phillips,Liverpool,DEF,0.1%,0,0.00,0,TRUE,TRUE,TRUE,TRUE,TRUE,Â£4.0 m
Van den Berg,Liverpool,DEF,0.0%,0,0.00,0,TRUE,TRUE,TRUE,TRUE,TRUE,Â£4.0 m
Chambers,Liverpool,DEF,0.0%,0,0.00,0,TRUE,TRUE,TRUE,TRUE,TRUE,Â£4.0 m
Scanlon,Liverpool,DEF,0.0%,0,0.00,0,TRUE,TRUE,TRUE,TRUE,TRUE,Â£3.9 m
Nyoni,Liverpool,MID,0.0%,0,0.00,0,TRUE,TRUE,TRUE,TRUE,TRUE,Â£4.5 m
Pitaluga,Liverpool,GK,0.0%,0,0.00,0,TRUE,TRUE,TRUE,TRUE,TRUE,Â£4.0 m
Koumas,Liverpool,FWD,0.0%,0,0.00,0,TRUE,TRUE,TRUE,TRUE,TRUE,Â£4.5 m
Mrozek,Liverpool,GK,0.0%,0,0.00,0,TRUE,TRUE,TRUE,TRUE,TRUE,Â£4.0 m
Nallo,Liverpool,DEF,0.0%,0,0.00,0,TRUE,TRUE,TRUE,TRUE,TRUE,Â£4.0 m
Campbell,Luton,MID,0.0%,0,0.00,0,TRUE,TRUE,TRUE,TRUE,TRUE,Â£4.9 m
Freeman,Luton,MID,0.0%,0,0.00,0,TRUE,TRUE,TRUE,TRUE,TRUE,Â£4.9 m
Macey,Luton,GK,0.2%,0,0.00,0,TRUE,TRUE,TRUE,TRUE,TRUE,Â£4.0 m
McAtee,Luton,FWD,0.4%,0,0.00,0,TRUE,TRUE,TRUE,TRUE,TRUE,Â£4.5 m
Mendes,Luton,MID,0.0%,0,0.00,0,TRUE,TRUE,TRUE,TRUE,TRUE,Â£4.5 m
Muskwe,Luton,FWD,0.1%,0,0.00,0,TRUE,TRUE,TRUE,TRUE,TRUE,Â£4.5 m
Pepple,Luton,FWD,0.0%,0,0.00,0,TRUE,TRUE,TRUE,TRUE,TRUE,Â£4.5 m
Pereira,Luton,MID,0.0%,0,0.00,0,TRUE,TRUE,TRUE,TRUE,TRUE,Â£4.4 m
Potts,Luton,DEF,0.1%,0,0.00,0,TRUE,TRUE,TRUE,TRUE,TRUE,Â£3.9 m
Rea,Luton,MID,0.0%,0,0.00,0,TRUE,TRUE,TRUE,TRUE,TRUE,Â£4.4 m
Taylor,Luton,FWD,0.1%,0,0.00,0,TRUE,TRUE,TRUE,TRUE,TRUE,Â£4.5 m
Thorpe,Luton,MID,0.0%,0,0.00,0,TRUE,TRUE,TRUE,TRUE,TRUE,Â£4.5 m
Walton,Luton,GK,0.0%,0,0.00,0,TRUE,TRUE,TRUE,TRUE,TRUE,Â£4.0 m
Watson,Luton,MID,0.1%,0,0.00,0,TRUE,TRUE,TRUE,TRUE,TRUE,Â£4.4 m
Francis-Clarke,Luton,DEF,0.0%,0,0.00,0,TRUE,TRUE,TRUE,TRUE,TRUE,Â£4.0 m
Krul,Luton,GK,0.1%,0,0.00,0,TRUE,TRUE,TRUE,TRUE,TRUE,Â£4.4 m
Johnson,Luton,DEF,0.0%,0,0.00,-1,TRUE,TRUE,TRUE,TRUE,TRUE,Â£4.0 m
Luker,Luton,MID,0.0%,0,0.00,0,TRUE,TRUE,TRUE,TRUE,TRUE,Â£4.5 m
Piesold,Luton,MID,0.0%,0,0.00,0,TRUE,TRUE,TRUE,TRUE,TRUE,Â£4.5 m
Martins,Luton,MID,0.0%,0,0.00,0,TRUE,TRUE,TRUE,TRUE,TRUE,Â£4.5 m
Chigozie,Luton,DEF,0.0%,0,0.00,0,TRUE,TRUE,TRUE,TRUE,TRUE,Â£4.0 m
Harris,Luton,FWD,0.0%,0,0.00,0,TRUE,TRUE,TRUE,TRUE,TRUE,Â£4.5 m
Cancelo,Man City,DEF,1.0%,0,0.00,0,TRUE,TRUE,TRUE,TRUE,TRUE,Â£5.8 m
Carson,Man City,GK,0.1%,0,0.00,0,TRUE,TRUE,TRUE,TRUE,TRUE,Â£3.8 m
Charles,Man City,MID,0.0%,0,0.00,0,TRUE,TRUE,TRUE,TRUE,TRUE,Â£4.5 m
Mahrez,Man City,MID,0.0%,0,0.00,0,TRUE,TRUE,TRUE,TRUE,TRUE,Â£7.5 m
Perrone,Man City,MID,0.0%,0,0.00,0,TRUE,TRUE,TRUE,TRUE,TRUE,Â£4.4 m
Steffen,Man City,GK,0.1%,0,0.00,0,TRUE,TRUE,TRUE,TRUE,TRUE,Â£3.9 m
Susoho,Man City,MID,0.0%,0,0.00,0,TRUE,TRUE,TRUE,TRUE,TRUE,Â£4.5 m
Hamilton,Man City,MID,0.0%,0,0.00,0,TRUE,TRUE,TRUE,TRUE,TRUE,Â£4.5 m
Wright,Man City,MID,0.0%,0,0.00,0,TRUE,TRUE,TRUE,TRUE,TRUE,Â£4.5 m
Alex Telles,Man Utd,DEF,0.0%,0,0.00,0,TRUE,TRUE,TRUE,TRUE,TRUE,Â£4.5 m
B.Williams,Man Utd,DEF,0.1%,0,0.00,0,TRUE,TRUE,TRUE,TRUE,TRUE,Â£4.0 m
Bailly,Man Utd,DEF,0.1%,0,0.00,0,TRUE,TRUE,TRUE,TRUE,TRUE,Â£4.0 m
Fernandez,Man Utd,DEF,0.1%,0,0.00,0,TRUE,TRUE,TRUE,TRUE,TRUE,Â£4.0 m
Fred,Man Utd,MID,0.0%,0,0.00,0,TRUE,TRUE,TRUE,TRUE,TRUE,Â£5.0 m
Heaton,Man Utd,GK,0.1%,0,0.00,0,TRUE,TRUE,TRUE,TRUE,TRUE,Â£3.9 m
Malacia,Man Utd,DEF,0.0%,0,0.00,0,TRUE,TRUE,TRUE,TRUE,TRUE,Â£4.3 m
Shoretire,Man Utd,FWD,0.2%,0,0.00,0,TRUE,TRUE,TRUE,TRUE,TRUE,Â£4.4 m
Vitek,Man Utd,GK,0.0%,0,0.00,0,TRUE,TRUE,TRUE,TRUE,TRUE,Â£4.0 m
Altay,Man Utd,GK,0.1%,0,0.00,0,TRUE,TRUE,TRUE,TRUE,TRUE,Â£3.9 m
Hugill,Man Utd,FWD,0.0%,0,0.00,0,TRUE,TRUE,TRUE,TRUE,TRUE,Â£4.5 m
Bennett,Man Utd,DEF,0.0%,0,0.00,0,TRUE,TRUE,TRUE,TRUE,TRUE,Â£4.0 m
Collyer,Man Utd,MID,0.0%,0,0.00,0,TRUE,TRUE,TRUE,TRUE,TRUE,Â£4.5 m
Ogunneye,Man Utd,DEF,0.0%,0,0.00,0,TRUE,TRUE,TRUE,TRUE,TRUE,Â£4.0 m
Mee,Man Utd,GK,0.0%,0,0.00,0,TRUE,TRUE,TRUE,TRUE,TRUE,Â£4.0 m
Amass,Man Utd,DEF,0.0%,0,0.00,0,TRUE,TRUE,TRUE,TRUE,TRUE,Â£4.0 m
Jackson,Man Utd,DEF,0.0%,0,0.00,0,TRUE,TRUE,TRUE,TRUE,TRUE,Â£4.0 m
Ashby,Newcastle,DEF,0.0%,0,0.00,0,TRUE,TRUE,TRUE,TRUE,TRUE,Â£4.0 m
Darlow,Newcastle,GK,0.0%,0,0.00,0,TRUE,TRUE,TRUE,TRUE,TRUE,Â£4.0 m
Fraser,Newcastle,MID,0.0%,0,0.00,0,TRUE,TRUE,TRUE,TRUE,TRUE,Â£4.9 m
Gillespie,Newcastle,GK,0.1%,0,0.00,0,TRUE,TRUE,TRUE,TRUE,TRUE,Â£3.9 m
Hayden,Newcastle,MID,0.0%,0,0.00,0,TRUE,TRUE,TRUE,TRUE,TRUE,Â£4.4 m
Hendrick,Newcastle,MID,0.0%,0,0.00,0,TRUE,TRUE,TRUE,TRUE,TRUE,Â£4.4 m
Kuol,Newcastle,MID,0.0%,0,0.00,0,TRUE,TRUE,TRUE,TRUE,TRUE,Â£4.5 m
J.Lewis,Newcastle,DEF,0.0%,0,0.00,0,TRUE,TRUE,TRUE,TRUE,TRUE,Â£4.0 m
Manquillo,Newcastle,DEF,0.0%,0,0.00,0,TRUE,TRUE,TRUE,TRUE,TRUE,Â£4.0 m
Saint-Maximin,Newcastle,MID,0.0%,0,0.00,0,TRUE,TRUE,TRUE,TRUE,TRUE,Â£6.0 m
Watts,Newcastle,DEF,0.0%,0,0.00,0,TRUE,TRUE,TRUE,TRUE,TRUE,Â£4.0 m
Hernes,Newcastle,MID,0.0%,0,0.00,0,TRUE,TRUE,TRUE,TRUE,TRUE,Â£4.5 m
Arter,Nott'm Forest,MID,0.1%,0,0.00,0,TRUE,TRUE,TRUE,TRUE,TRUE,Â£4.3 m
Biancone,Nott'm Forest,DEF,0.1%,0,0.00,0,TRUE,TRUE,TRUE,TRUE,TRUE,Â£3.9 m
Bowler,Nott'm Forest,MID,0.0%,0,0.00,0,TRUE,TRUE,TRUE,TRUE,TRUE,Â£4.5 m
Cook,Nott'm Forest,DEF,0.0%,0,0.00,0,TRUE,TRUE,TRUE,TRUE,TRUE,Â£4.5 m
Dennis,Nott'm Forest,FWD,0.1%,0,0.00,0,TRUE,TRUE,TRUE,TRUE,TRUE,Â£4.8 m
Drager,Nott'm Forest,DEF,0.0%,0,0.00,0,TRUE,TRUE,TRUE,TRUE,TRUE,Â£4.0 m
Freuler,Nott'm Forest,MID,0.0%,0,0.00,0,TRUE,TRUE,TRUE,TRUE,TRUE,Â£4.9 m
Hennessey,Nott'm Forest,GK,0.2%,0,0.00,0,TRUE,TRUE,TRUE,TRUE,TRUE,Â£3.9 m
Horvath,Nott'm Forest,GK,0.1%,0,0.00,0,TRUE,TRUE,TRUE,TRUE,TRUE,Â£4.3 m
Laryea,Nott'm Forest,DEF,0.0%,0,0.00,0,TRUE,TRUE,TRUE,TRUE,TRUE,Â£4.5 m
Mbe Soh,Nott'm Forest,DEF,0.0%,0,0.00,0,TRUE,TRUE,TRUE,TRUE,TRUE,Â£4.0 m
Mighten,Nott'm Forest,MID,0.0%,0,0.00,0,TRUE,TRUE,TRUE,TRUE,TRUE,Â£4.4 m
O'Brien,Nott'm Forest,MID,0.0%,0,0.00,0,TRUE,TRUE,TRUE,TRUE,TRUE,Â£4.9 m
Ojeda,Nott'm Forest,MID,0.0%,0,0.00,0,TRUE,TRUE,TRUE,TRUE,TRUE,Â£4.5 m
Panzo,Nott'm Forest,DEF,0.1%,0,0.00,0,TRUE,TRUE,TRUE,TRUE,TRUE,Â£4.0 m
O.Richards,Nott'm Forest,DEF,0.0%,0,0.00,0,TRUE,TRUE,TRUE,TRUE,TRUE,Â£4.4 m
G.Scarpa,Nott'm Forest,MID,0.0%,0,0.00,0,TRUE,TRUE,TRUE,TRUE,TRUE,Â£4.5 m
J.Shelvey,Nott'm Forest,MID,0.0%,0,0.00,0,TRUE,TRUE,TRUE,TRUE,TRUE,Â£4.8 m
Surridge,Nott'm Forest,FWD,0.1%,0,0.00,0,TRUE,TRUE,TRUE,TRUE,TRUE,Â£4.5 m
Ui-jo,Nott'm Forest,FWD,0.2%,0,0.00,0,TRUE,TRUE,TRUE,TRUE,TRUE,Â£4.4 m
G.Shelvey,Nott'm Forest,GK,0.0%,0,0.00,0,TRUE,TRUE,TRUE,TRUE,TRUE,Â£3.9 m
Powell,Nott'm Forest,DEF,0.2%,0,0.00,0,TRUE,TRUE,TRUE,TRUE,TRUE,Â£3.9 m
McDonnell,Nott'm Forest,MID,0.0%,0,0.00,0,TRUE,TRUE,TRUE,TRUE,TRUE,Â£4.5 m
Osong,Nott'm Forest,FWD,0.0%,0,0.00,0,TRUE,TRUE,TRUE,TRUE,TRUE,Â£4.5 m
Gardner,Nott'm Forest,FWD,0.0%,0,0.00,0,TRUE,TRUE,TRUE,TRUE,TRUE,Â£4.5 m
Amissah,Sheffield Utd,GK,0.3%,0,0.00,0,TRUE,TRUE,TRUE,TRUE,TRUE,Â£3.9 m
Coulibaly,Sheffield Utd,MID,0.0%,0,0.00,0,TRUE,TRUE,TRUE,TRUE,TRUE,Â£4.4 m
A.Davies,Sheffield Utd,GK,0.2%,0,0.00,0,TRUE,TRUE,TRUE,TRUE,TRUE,Â£4.0 m
Ndiaye,Sheffield Utd,FWD,0.0%,0,0.00,0,TRUE,TRUE,TRUE,TRUE,TRUE,Â£5.5 m
Seriki,Sheffield Utd,DEF,0.1%,0,0.00,0,TRUE,TRUE,TRUE,TRUE,TRUE,Â£3.9 m
Marsh,Sheffield Utd,FWD,0.0%,0,0.00,0,TRUE,TRUE,TRUE,TRUE,TRUE,Â£4.5 m
Buyabu,Sheffield Utd,DEF,0.0%,0,0.00,0,TRUE,TRUE,TRUE,TRUE,TRUE,Â£4.0 m
Blacker,Sheffield Utd,FWD,0.0%,0,0.00,0,TRUE,TRUE,TRUE,TRUE,TRUE,Â£4.5 m
Sasnauskas,Sheffield Utd,DEF,0.0%,0,0.00,0,TRUE,TRUE,TRUE,TRUE,TRUE,Â£4.0 m
Hampson,Sheffield Utd,MID,0.0%,0,0.00,0,TRUE,TRUE,TRUE,TRUE,TRUE,Â£4.5 m
Austin,Spurs,GK,0.2%,0,0.00,0,TRUE,TRUE,TRUE,TRUE,TRUE,Â£3.9 m
Forster,Spurs,GK,1.6%,0,0.00,0,FALSE,TRUE,TRUE,TRUE,TRUE,Â£3.8 m
Kane,Spurs,FWD,0.6%,0,0.00,0,TRUE,TRUE,TRUE,TRUE,TRUE,Â£12.5 m
Lloris,Spurs,GK,0.5%,0,0.00,0,TRUE,TRUE,TRUE,TRUE,TRUE,Â£4.7 m
Ndombele,Spurs,MID,0.2%,0,0.00,0,TRUE,TRUE,TRUE,TRUE,TRUE,Â£4.4 m
Rodon,Spurs,DEF,0.1%,0,0.00,0,TRUE,TRUE,TRUE,TRUE,TRUE,Â£4.0 m
Sanchez,Spurs,DEF,0.1%,0,0.00,0,TRUE,TRUE,TRUE,TRUE,TRUE,Â£4.4 m
Sessegnon,Spurs,DEF,0.0%,0,0.00,0,TRUE,TRUE,TRUE,TRUE,TRUE,Â£4.4 m
Spence,Spurs,DEF,0.2%,0,0.00,0,TRUE,TRUE,TRUE,TRUE,TRUE,Â£4.0 m
Tanganga,Spurs,DEF,0.3%,0,0.00,0,TRUE,TRUE,TRUE,TRUE,TRUE,Â£4.0 m
Whiteman,Spurs,GK,0.2%,0,0.00,0,TRUE,TRUE,TRUE,TRUE,TRUE,Â£3.9 m
Phillips,Spurs,DEF,0.1%,0,0.00,0,TRUE,TRUE,TRUE,TRUE,TRUE,Â£4.0 m
Dorrington,Spurs,DEF,0.0%,0,0.00,0,TRUE,TRUE,TRUE,TRUE,TRUE,Â£4.0 m
Yago Santiago,Spurs,MID,0.0%,0,0.00,0,TRUE,TRUE,TRUE,TRUE,TRUE,Â£4.5 m
Hall,Spurs,MID,0.0%,0,0.00,0,TRUE,TRUE,TRUE,TRUE,TRUE,Â£4.5 m
Coventry,West Ham,MID,0.1%,0,0.00,0,TRUE,TRUE,TRUE,TRUE,TRUE,Â£4.3 m
Downes,West Ham,MID,0.0%,0,0.00,0,TRUE,TRUE,TRUE,TRUE,TRUE,Â£5.0 m
Scamacca,West Ham,FWD,0.0%,0,0.00,0,TRUE,TRUE,TRUE,TRUE,TRUE,Â£6.0 m
Vlasic,West Ham,MID,0.0%,0,0.00,0,TRUE,TRUE,TRUE,TRUE,TRUE,Â£4.5 m
Anang,West Ham,GK,0.1%,0,0.00,0,TRUE,TRUE,TRUE,TRUE,TRUE,Â£4.0 m
Orford,West Ham,MID,0.0%,0,0.00,0,TRUE,TRUE,TRUE,TRUE,TRUE,Â£4.5 m
Scarles,West Ham,DEF,0.0%,0,0.00,0,TRUE,TRUE,TRUE,TRUE,TRUE,Â£4.0 m
Marshall,West Ham,FWD,0.0%,0,0.00,0,TRUE,TRUE,TRUE,TRUE,TRUE,Â£4.5 m
Bolla,Wolves,DEF,0.3%,0,0.00,0,TRUE,TRUE,TRUE,TRUE,TRUE,Â£4.0 m
Chiquinho,Wolves,MID,0.0%,0,0.00,0,TRUE,TRUE,TRUE,TRUE,TRUE,Â£4.5 m
Cundle,Wolves,MID,0.0%,0,0.00,0,TRUE,TRUE,TRUE,TRUE,TRUE,Â£4.5 m
Guedes,Wolves,MID,0.0%,0,0.00,0,TRUE,TRUE,TRUE,TRUE,TRUE,Â£5.4 m
Hodge,Wolves,MID,0.0%,0,0.00,0,TRUE,TRUE,TRUE,TRUE,TRUE,Â£4.4 m
Hoever,Wolves,DEF,0.0%,0,0.00,0,TRUE,TRUE,TRUE,TRUE,TRUE,Â£4.0 m
Jordao,Wolves,MID,0.2%,0,0.00,0,TRUE,TRUE,TRUE,TRUE,TRUE,Â£4.3 m
King,Wolves,GK,0.6%,0,0.00,0,TRUE,TRUE,TRUE,TRUE,TRUE,Â£3.9 m
Podence,Wolves,MID,0.0%,0,0.00,0,TRUE,TRUE,TRUE,TRUE,TRUE,Â£5.3 m
Sarkic,Wolves,GK,0.2%,0,0.00,0,TRUE,TRUE,TRUE,TRUE,TRUE,Â£4.0 m
Whittingham,Wolves,MID,0.0%,0,0.00,0,TRUE,TRUE,TRUE,TRUE,TRUE,Â£4.5 m
Hubner,Wolves,DEF,0.0%,0,0.00,0,TRUE,TRUE,TRUE,TRUE,TRUE,Â£4.0 m
Hesketh,Wolves,MID,0.0%,0,0.00,0,TRUE,TRUE,TRUE,TRUE,TRUE,Â£4.5 m
Barnett,Wolves,MID,0.0%,0,0.00,0,TRUE,TRUE,TRUE,TRUE,TRUE,Â£4.5 m
Griffiths,Wolves,MID,0.0%,0,0.00,0,TRUE,TRUE,TRUE,TRUE,TRUE,Â£4.5 m
Mosquera,Wolves,DEF,0.0%,0,0.00,0,TRUE,TRUE,TRUE,TRUE,TRUE,Â£4.0 m
N.Lemina,Wolves,MID,0.0%,0,0.00,0,TRUE,TRUE,TRUE,TRUE,TRUE,Â£5.0 m
Okoduwa,Wolves,DEF,0.0%,0,0.00,0,TRUE,TRUE,TRUE,TRUE,TRUE,Â£4.0 m
Holman,Wolves,FWD,0.0%,0,0.00,0,TRUE,TRUE,TRUE,TRUE,TRUE,Â£4.5 m
Ojinnaka,Wolves,MID,0.0%,0,0.00,0,TRUE,TRUE,TRUE,TRUE,TRUE,Â£4.5 m
Bettinelli,Chelsea,GK,0.0%,-1,-0.25,0,TRUE,TRUE,TRUE,TRUE,TRUE,Â£4.0 m
Rodak,Fulham,GK,0.3%,-1,-0.26,0,TRUE,TRUE,TRUE,TRUE,TRUE,Â£3.9 m